"Ticket_ID","Expected_Article_ID","Expected_Bucket"
"TCK-33B7885FCD","ART-4E99B6C4","high"
"TCK-3036849D67","ART-614BE463","high"
"TCK-A33D184913","ART-87C7B85B","high"
"TCK-CC12AE8400","ART-EA8917E0","high"
"TCK-65E7D0BB28","ART-50619C06","high"
"TCK-151903EC9F","ART-82A02300","high"
"TCK-B5E0B55A46","ART-A36127C2","high"
"TCK-77A7742345","ART-6BCECBC3","high"
"TCK-A9F1C3E4CE","ART-DD6049CE","high"
"TCK-5034B8CEAC","ART-6C6DA1B5","high"
"TCK-502860313B","ART-DA566855","high"
"TCK-6E1113985D","ART-9FBB7E07","high"
"TCK-0336E36A1D","ART-3DCED2AD","high"
"TCK-32CE3C5E95","ART-88BE5565","high"
"TCK-BFE0ED0AD0","ART-614BE463","high"
"TCK-C3FD745B49","ART-EA8917E0","high"
"TCK-306EED2341","ART-3D802D4E","high"
"TCK-1A007FE40B","ART-36D98801","high"
"TCK-D603923B67","ART-18BF0274","high"
"TCK-38AF954D07","ART-247FFA7D","high"
"TCK-226D9AFD6B","ART-5DC5112C","high"
"TCK-18E246F128","ART-09F20E37","high"
"TCK-2C8296412B","ART-CE5AB01A","high"
"TCK-AE6BBBD3B1","ART-50619C06","high"
"TCK-56295F7630","ART-82A02300","high"
"TCK-3B5F303084","ART-133ABF10","high"
"TCK-B678BE93DE","ART-9FBB7E07","high"
"TCK-973D786BA1","ART-BF7787C4","high"
"TCK-41833C2769","ART-5DC5112C","high"
"TCK-E6F9DCCEEC","ART-6C6DA1B5","high"
"TCK-50032A17C5","ART-5DF6C3FE","high"
"TCK-6287489DDC","ART-5492B28C","high"
"TCK-C728FF237F","ART-A3BC31B6","high"
"TCK-0CFFFBBD76","ART-680D0797","high"
"TCK-5322E8EED7","ART-680D0797","high"
"TCK-6CB1630D91","ART-28847AFD","high"
"TCK-AF0EF7C47B","ART-DBAEB060","high"
"TCK-BDAA264467","ART-AE43BC26","high"
"TCK-6EB36FB9F9","ART-3D802D4E","high"
"TCK-D095E9940A","ART-88BE5565","high"
"TCK-5CC302156F","ART-E7555904","high"
"TCK-D3176D1140","ART-A6F8609A","high"
"TCK-1501F46FF8","ART-DA566855","high"
"TCK-1240B2A774","ART-707AE889","high"
"TCK-A7DB1BDD94","ART-2380231D","high"
"TCK-04769ACAA4","ART-680D0797","high"
"TCK-3357CD2A7B","ART-1078053D","high"
"TCK-12139A6AB2","ART-82A02300","high"
"TCK-53699D613E","ART-2E986668","high"
"TCK-F27716B9FC","ART-2E986668","high"
"TCK-1E6E7FC233","ART-B602DD4B","high"
"TCK-2A6EE8F9B9","ART-A36127C2","high"
"TCK-480610030C","ART-EA8917E0","high"
"TCK-47AEC46438","ART-92C2F213","high"
"TCK-93148C56C3","ART-DF333CC1","high"
"TCK-C4870A3BF2","ART-A3BC31B6","high"
"TCK-3A534AA8D8","ART-B3E1FC82","high"
"TCK-27DB9FCC07","ART-E7555904","high"
"TCK-6284538F32","ART-614BE463","high"
"TCK-FFE619AFFE","ART-1078053D","high"
"TCK-600D47E10D","ART-9FBB7E07","high"
"TCK-6B01B6608D","ART-A6F8609A","high"
"TCK-41051E9C90","ART-AE43BC26","high"
"TCK-50C89FFC12","ART-9FBB7E07","high"
"TCK-141C2B130E","ART-5DC5112C","high"
"TCK-C7F2EB9C29","ART-09F20E37","high"
"TCK-DF90AD0D22","ART-AC8C1122","high"
"TCK-8469DF46AF","ART-5DF6C3FE","high"
"TCK-0561A2792F","ART-3DCED2AD","high"
"TCK-0BBBFA678E","ART-690F2CCC","high"
"TCK-FCD62CAB1F","ART-B3E1FC82","high"
"TCK-3D0C236E52","ART-680D0797","high"
"TCK-8C91F56043","ART-614BE463","high"
"TCK-76238DCB61","ART-5DF6C3FE","high"
"TCK-FD9C3EC782","ART-2E986668","high"
"TCK-731A1F5FC3","ART-680D0797","high"
"TCK-ED4E34E87F","ART-DF333CC1","high"
"TCK-765A19536F","ART-133ABF10","high"
"TCK-77E8577570","ART-A6F8609A","high"
"TCK-5B0FDB00E3","ART-DBAEB060","high"
"TCK-0E1EFCBD04","ART-0D261E6C","high"
"TCK-9A14638A0A","ART-2380231D","high"
"TCK-E2B107799E","ART-1078053D","high"
"TCK-F8EFA6C11E","ART-2E986668","high"
"TCK-F2A8023BBD","ART-5FC8D736","high"
"TCK-CFF357B4AD","ART-DF333CC1","high"
"TCK-6485910E24","ART-753FF6F9","high"
"TCK-BA4493EB53","ART-50619C06","high"
"TCK-607179591F","ART-707AE889","high"
"TCK-25EF54706E","ART-57251ED0","high"
"TCK-891C542E50","ART-D82A809A","high"
"TCK-4CD8D7796C","ART-57251ED0","high"
"TCK-D39A27997B","ART-307B9414","high"
"TCK-9EE2E1DFF7","ART-28722E0F","high"
"TCK-C88B43B431","ART-28847AFD","high"
"TCK-B042174A87","ART-062BC201","high"
"TCK-BEBFF23C05","ART-00EBEDA6","high"
"TCK-495B2817EB","ART-50619C06","high"
"TCK-CECF811C53","ART-57251ED0","high"
"TCK-43BADB6F58","ART-307B9414","high"
"TCK-AA83061AA0","ART-30B97389","high"
"TCK-C6868EAA11","ART-133ABF10","high"
"TCK-238A91191D","ART-36D98801","high"
"TCK-2F5AD85C80","ART-E378315D","high"
"TCK-0E273E86AD","ART-247FFA7D","high"
"TCK-2BA8454F39","ART-FFA6BF4E","high"
"TCK-561B388891","ART-4A35DCFE","high"
"TCK-B160B4F9AC","ART-7E307077","high"
"TCK-9D5EAF7301","ART-36D98801","high"
"TCK-9361BE099E","ART-FFA6BF4E","high"
"TCK-59C6BE222C","ART-1BE32326","high"
"TCK-65FDB217EB","ART-B3E1FC82","high"
"TCK-9C3BB623E4","ART-3DCED2AD","high"
"TCK-00AEA5963B","ART-09F20E37","high"
"TCK-4FAD5B9E49","ART-6BCECBC3","high"
"TCK-1433EB8609","ART-81C07636","high"
"TCK-5A2BE10178","ART-753FF6F9","high"
"TCK-B8D9E9B631","ART-3D802D4E","high"
"TCK-44B772B88D","ART-32D9279D","high"
"TCK-CD798807F3","ART-92C2F213","high"
"TCK-7CCC5C57AB","ART-00EBEDA6","high"
"TCK-D191569A2A","ART-5DC5112C","high"
"TCK-76A99D2426","ART-BF7787C4","high"
"TCK-C228CFFF81","ART-09F20E37","high"
"TCK-8B803ECD67","ART-28722E0F","high"
"TCK-2392FDBAA3","ART-B602DD4B","high"
"TCK-0D6EBFE1D1","ART-F55EE56F","high"
"TCK-81CFC56EE0","ART-30B97389","high"
"TCK-40DBCB25D0","ART-F55EE56F","high"
"TCK-83E23EF7CB","ART-F03FBFE8","high"
"TCK-26B8C915A8","ART-0695E594","high"
"TCK-C43F7E8BB6","ART-7E307077","high"
"TCK-6D042AF7D6","ART-A3BC31B6","high"
"TCK-43B0C51BA2","ART-E378315D","high"
"TCK-5D043DDB1C","ART-5DF6C3FE","high"
"TCK-E66090356C","ART-2E986668","high"
"TCK-A564059862","ART-C37EBE7A","high"
"TCK-7EEA981C11","ART-E7555904","high"
"TCK-8AEBA16FD5","ART-56D97CE5","high"
"TCK-56788AF517","ART-2380231D","high"
"TCK-443B82702C","ART-DBAEB060","high"
"TCK-503169A294","ART-2380231D","high"
"TCK-E4B42876FD","ART-5DC5112C","high"
"TCK-5490008EB1","ART-250E4219","high"
"TCK-2F03A2FB92","ART-DD6049CE","high"
"TCK-7C0A3BB87B","ART-32D9279D","high"
"TCK-7743BE0E67","ART-36D98801","high"
"TCK-6FE3C2F79E","ART-3474AC9F","high"
"TCK-576B1E87D1","ART-1BE32326","high"
"TCK-9D5138935A","ART-133ABF10","high"
"TCK-7A6C19CDDA","ART-CE5AB01A","high"
"TCK-C7D12FF533","ART-2380231D","high"
"TCK-204989ED67","ART-FFA6BF4E","high"
"TCK-CCECF025D8","ART-E378315D","high"
"TCK-B8D7A3C503","ART-BF7787C4","high"
"TCK-A054393B47","ART-DA566855","high"
"TCK-EA9A9E45E1","ART-DF333CC1","high"
"TCK-1CE64E73BB","ART-9FBB7E07","high"
"TCK-231AC07026","ART-D82A809A","high"
"TCK-CF043801C9","ART-88BE5565","high"
"TCK-D481CCF020","ART-AE43BC26","high"
"TCK-9016C4C404","ART-5DF6C3FE","high"
"TCK-012FBCA1E4","ART-28722E0F","high"
"TCK-551A20D406","ART-82A02300","high"
"TCK-EB3A2C456C","ART-250E4219","high"
"TCK-C5E80AFA5F","ART-A6F8609A","high"
"TCK-9477FFB0AE","ART-5FC8D736","high"
"TCK-585C3EECE3","ART-4E99B6C4","high"
"TCK-8C194BE8A2","ART-5492B28C","high"
"TCK-28203EAC1B","ART-C37EBE7A","high"
"TCK-C9F96CE100","ART-0695E594","high"
"TCK-E7F3D4CE4E","ART-3D802D4E","high"
"TCK-3074BE8E4D","ART-753FF6F9","high"
"TCK-D6AE431412","ART-A36127C2","high"
"TCK-4C8FE24656","ART-0D261E6C","high"
"TCK-B7CD84EEBA","ART-CE5AB01A","high"
"TCK-AD35228923","ART-B3E1FC82","high"
"TCK-16F5A0AF92","ART-307B9414","high"
"TCK-43CD25108B","ART-753FF6F9","high"
"TCK-BF5312EF09","ART-F6ADC65F","high"
"TCK-5F04144513","ART-82A02300","high"
"TCK-AA070D4B06","ART-88BE5565","high"
"TCK-27F00E0E19","ART-A36127C2","high"
"TCK-EDFCCECCF9","ART-062BC201","high"
"TCK-FF2AC726C7","ART-307B9414","high"
"TCK-86E29C3C2E","ART-32D9279D","high"
"TCK-885C279872","ART-EA8917E0","high"
"TCK-DA6BF1E498","ART-707AE889","high"
"TCK-BAD26ADF25","ART-1078053D","high"
"TCK-8573167709","ART-6C6DA1B5","high"
"TCK-FD5FE11CC0","ART-FFA6BF4E","high"
"TCK-056B6E14E1","ART-09F20E37","high"
"TCK-11204321F4","ART-0D261E6C","high"
"TCK-1DFEFED974","ART-B3E1FC82","high"
"TCK-81D55F2673","ART-9FBB7E07","high"
"TCK-45A62B303A","ART-57251ED0","high"
"TCK-7129100E03","ART-753FF6F9","high"
"TCK-ADE519CBFB","ART-28847AFD","high"
"TCK-704051037D","ART-6C6DA1B5","high"
"TCK-2278FF28BD","ART-87C7B85B","high"
"TCK-E35562B4FD","ART-5492B28C","high"
"TCK-34572694AF","ART-3DCED2AD","high"
"TCK-2EDAEC245C","ART-B602DD4B","high"
"TCK-C887F101C4","ART-82A02300","high"
"TCK-211F45030B","ART-5DC5112C","high"
"TCK-8EFC563131","ART-614BE463","high"
"TCK-10C1320DD1","ART-F55EE56F","high"
"TCK-CD2EA8C6F5","ART-247FFA7D","high"
"TCK-A08CA72845","ART-3D802D4E","high"
"TCK-04AE94DC8D","ART-32D9279D","high"
"TCK-F69A7EAA1E","ART-F6ADC65F","high"
"TCK-04095B3266","ART-707AE889","high"
"TCK-A79784E7B8","ART-42FF12ED","high"
"TCK-841A05574E","ART-680D0797","high"
"TCK-09BAFBB6C4","ART-E378315D","high"
"TCK-B6B78B9E75","ART-E378315D","high"
"TCK-AB59F13DED","ART-4E99B6C4","high"
"TCK-7149CDA15D","ART-250E4219","high"
"TCK-A45DED507E","ART-E378315D","high"
"TCK-8D211A19CA","ART-3474AC9F","high"
"TCK-ADAAD9F116","ART-28847AFD","high"
"TCK-726AD4C64D","ART-707AE889","high"
"TCK-8FB9B3AFD4","ART-614BE463","high"
"TCK-0A9E758100","ART-C37EBE7A","high"
"TCK-3A5D71BBE5","ART-AE43BC26","high"
"TCK-DBA73BDBDC","ART-B3E1FC82","high"
"TCK-36164D59EC","ART-09F20E37","high"
"TCK-76EC01F970","ART-5FC8D736","high"
"TCK-688A2727E2","ART-DA566855","high"
"TCK-5A7FE04F26","ART-307B9414","high"
"TCK-737E4821D9","ART-42FF12ED","high"
"TCK-4EF0C0403A","ART-9FBB7E07","high"
"TCK-03C38651CD","ART-50619C06","high"
"TCK-A2F1A159FF","ART-5DC5112C","high"
"TCK-B47C960D7E","ART-8FBA62D5","high"
"TCK-BB359E218D","ART-81C07636","high"
"TCK-06B9337B07","ART-680D0797","high"
"TCK-7B7CCCBBE8","ART-A6F8609A","high"
"TCK-0CA4B73292","ART-C37EBE7A","high"
"TCK-B1E189913A","ART-28847AFD","high"
"TCK-7FBC9C6942","ART-707AE889","high"
"TCK-CD72B282C4","ART-707AE889","high"
"TCK-1E9E273993","ART-B3E1FC82","high"
"TCK-677A8C830F","ART-8FBA62D5","high"
"TCK-4E02B3E306","ART-6C6DA1B5","high"
"TCK-5FCB955796","ART-E378315D","high"
"TCK-A22BDBB669","ART-A6F8609A","high"
"TCK-22BEA9D436","ART-690F2CCC","high"
"TCK-DA67724EAE","ART-DD6049CE","high"
"TCK-C894D87FDE","ART-5492B28C","high"
"TCK-FD9A4DD794","ART-DF333CC1","high"
"TCK-90873E490A","ART-32D9279D","high"
"TCK-8180E523DC","ART-3474AC9F","high"
"TCK-A655FD51DC","ART-36D98801","high"
"TCK-8E158E4F25","ART-F55EE56F","high"
"TCK-6C0D160F95","ART-753FF6F9","high"
"TCK-3D6E5D4016","ART-42FF12ED","high"
"TCK-141BA271BE","ART-28722E0F","high"
"TCK-B37442278B","ART-28722E0F","high"
"TCK-093EEC28A4","ART-753FF6F9","high"
"TCK-A75130A0F8","ART-81C07636","high"
"TCK-AFB123751B","ART-1078053D","high"
"TCK-81DF09030F","ART-7E307077","high"
"TCK-517AC4C4C3","ART-E378315D","high"
"TCK-D5600A7D99","ART-690F2CCC","high"
"TCK-63D38CFED5","ART-680D0797","high"
"TCK-87F580149A","ART-56D97CE5","high"
"TCK-9ACC6B3C12","ART-307B9414","high"
"TCK-00EBA9F48A","ART-062BC201","high"
"TCK-8E67F37F3A","ART-46839B05","high"
"TCK-233112428A","ART-753FF6F9","high"
"TCK-A84E23CCD5","ART-A36127C2","high"
"TCK-1A9BDA13FB","ART-1BE32326","high"
"TCK-3C38BC8AA7","ART-A6F8609A","high"
"TCK-20F98625C5","ART-FFA6BF4E","high"
"TCK-4718813F84","ART-32D9279D","high"
"TCK-812B7793EA","ART-A36127C2","high"
"TCK-C58FD195A3","ART-B3E1FC82","high"
"TCK-8FAD209C47","ART-B3E1FC82","high"
"TCK-C0AD0B5C8A","ART-A36127C2","high"
"TCK-8FAA050ED0","ART-062BC201","high"
"TCK-1212FB7111","ART-F03FBFE8","high"
"TCK-973B1D325F","ART-F6ADC65F","high"
"TCK-D15E2E9803","ART-3474AC9F","high"
"TCK-F2FC3FA9B2","ART-3D802D4E","high"
"TCK-1BF14F7939","ART-E7555904","high"
"TCK-2ED54C13D1","ART-82A02300","high"
"TCK-5828BCB2E8","ART-CE5AB01A","high"
"TCK-B45AFC4C9B","ART-30B97389","high"
"TCK-BA954F60FB","ART-32D9279D","high"
"TCK-9A57E5B941","ART-C37EBE7A","high"
"TCK-2A35F80051","ART-3DCED2AD","high"
"TCK-C40E5622B4","ART-DF333CC1","high"
"TCK-F7A41E91F7","ART-133ABF10","high"
"TCK-E6E8D9625D","ART-F6ADC65F","high"
"TCK-7DD0537D04","ART-247FFA7D","high"
"TCK-CED469C242","ART-6BCECBC3","high"
"TCK-239D6B25A8","ART-1BE32326","high"
"TCK-52615D5A0F","ART-DA566855","high"
"TCK-C325134A68","ART-4A35DCFE","high"
"TCK-E9FB68EEF9","ART-133ABF10","high"
"TCK-FCFD096F84","ART-A6F8609A","high"
"TCK-C4B78A68DF","ART-7E307077","high"
"TCK-BBF3FBF166","ART-56D97CE5","high"
"TCK-0DBA96B24C","ART-F55EE56F","high"
"TCK-54A13F74EE","ART-062BC201","high"
"TCK-A4CCE8794C","ART-B602DD4B","high"
"TCK-C861C4C94B","ART-00EBEDA6","high"
"TCK-07A25F3B64","ART-307B9414","high"
"TCK-0CD293C93B","ART-3DCED2AD","high"
"TCK-2D885A113D","ART-707AE889","high"
"TCK-654BDDC775","ART-B3E1FC82","high"
"TCK-806086726C","ART-F55EE56F","high"
"TCK-956FB456BA","ART-AC8C1122","high"
"TCK-8E42D3C9EC","ART-707AE889","high"
"TCK-DD3CAB6388","ART-6BCECBC3","high"
"TCK-0B01C78BBC","ART-7E307077","high"
"TCK-9FE9391408","ART-DBAEB060","high"
"TCK-E45D549F74","ART-B602DD4B","high"
"TCK-DC53171564","ART-DD6049CE","high"
"TCK-5FAED5FE22","ART-753FF6F9","high"
"TCK-C01264C1EB","ART-F55EE56F","high"
"TCK-B0217B9AE0","ART-FFA6BF4E","high"
"TCK-F5083FB158","ART-690F2CCC","high"
"TCK-2B714686EF","ART-A6F8609A","high"
"TCK-54ED8CE5DC","ART-B602DD4B","high"
"TCK-95C62DFF24","ART-A36127C2","high"
"TCK-8364D27A79","ART-AC8C1122","high"
"TCK-A12EDA76E9","ART-88BE5565","high"
"TCK-7D81F46DFF","ART-87C7B85B","high"
"TCK-F362D643B2","ART-EA8917E0","high"
"TCK-353E0066A4","ART-2380231D","high"
"TCK-4FF037D4F8","ART-8FBA62D5","high"
"TCK-2D8A74D9D0","ART-B3E1FC82","high"
"TCK-9112C54990","ART-56D97CE5","high"
"TCK-A5FA7DB1EE","ART-A36127C2","high"
"TCK-B865A6ACE9","ART-753FF6F9","high"
"TCK-227F6ABBD0","ART-BF7787C4","high"
"TCK-66E7E58E0F","ART-5DC5112C","high"
"TCK-9C0CE17602","ART-DD6049CE","high"
"TCK-B96290A3F7","ART-B3E1FC82","high"
"TCK-51B456E4EC","ART-FFA6BF4E","high"
"TCK-CA949E2DDE","ART-614BE463","high"
"TCK-0923AB92EF","ART-E378315D","high"
"TCK-8749DE31D7","ART-690F2CCC","high"
"TCK-86CE70B430","ART-4E99B6C4","high"
"TCK-3A60EC507C","ART-707AE889","high"
"TCK-A5BF85F56D","ART-6BCECBC3","high"
"TCK-0267656527","ART-EA8917E0","high"
"TCK-47B9EA74ED","ART-42FF12ED","high"
"TCK-4E54116430","ART-753FF6F9","high"
"TCK-CC75DD5F2C","ART-DA566855","high"
"TCK-79E87BA76B","ART-4A35DCFE","high"
"TCK-04A6D35E85","ART-062BC201","high"
"TCK-D5C5A861DB","ART-062BC201","high"
"TCK-040525F560","ART-AF6EE40F","high"
"TCK-A3A87A502C","ART-B3E1FC82","high"
"TCK-E15724676E","ART-B602DD4B","high"
"TCK-4ACE1FE587","ART-DA566855","high"
"TCK-5FF2CE267D","ART-0695E594","high"
"TCK-FC204CC278","ART-D82A809A","high"
"TCK-B069B0CA20","ART-82A02300","high"
"TCK-507267100B","ART-87C7B85B","high"
"TCK-B0E10634CA","ART-E7555904","high"
"TCK-7E6900F50A","ART-30B97389","high"
"TCK-F022D59A5A","ART-E378315D","high"
"TCK-49FF51A3B5","ART-56D97CE5","high"
"TCK-4A51F6B129","ART-50619C06","high"
"TCK-8360B935BD","ART-87C7B85B","high"
"TCK-AD4BDFE6C2","ART-500B760B","high"
"TCK-4F81669290","ART-46839B05","high"
"TCK-A38477E84C","ART-F6ADC65F","high"
"TCK-7C7F95666D","ART-F03FBFE8","high"
"TCK-250728A04A","ART-09F20E37","high"
"TCK-D4683A8480","ART-753FF6F9","high"
"TCK-306ED13B68","ART-3474AC9F","high"
"TCK-A62B8D9775","ART-F6ADC65F","high"
"TCK-CDC705AA03","ART-92C2F213","high"
"TCK-5838E18630","ART-FFA6BF4E","high"
"TCK-2269F4252D","ART-E378315D","high"
"TCK-AD51F6D623","ART-6C6DA1B5","high"
"TCK-8C5783FB20","ART-500B760B","high"
"TCK-6F802FB21F","ART-30B97389","high"
"TCK-EAA7F0877B","ART-3DCED2AD","high"
"TCK-7AB4A32F07","ART-3D802D4E","high"
"TCK-7D8BEEE25D","ART-8FBA62D5","high"
"TCK-67BED12AA5","ART-DBAEB060","high"
"TCK-4668902DF6","ART-250E4219","high"
"TCK-7BE1F125BD","ART-AE43BC26","high"
"TCK-8AE9F9AD95","ART-307B9414","high"
"TCK-DB45263C38","ART-BF7787C4","high"
"TCK-7793CD5B44","ART-753FF6F9","high"
"TCK-CAED469EFC","ART-0695E594","high"
"TCK-6E32887E19","ART-5DF6C3FE","high"
"TCK-AC0244E0F3","ART-9FBB7E07","high"
"TCK-98BFFB775B","ART-EA8917E0","high"
"TCK-878853FAA5","ART-9FBB7E07","high"
"TCK-F7AC6C5E0C","ART-3474AC9F","high"
"TCK-A5405E8DB4","ART-AC8C1122","high"
"TCK-F32F83DD74","ART-0D261E6C","high"
"TCK-C9697D1FD9","ART-307B9414","high"
"TCK-7075CF0BA4","ART-EA8917E0","high"
"TCK-FD0034DAC0","ART-FFA6BF4E","high"
"TCK-7B7B349F96","ART-56D97CE5","high"
"TCK-ABA9A4EA11","ART-250E4219","high"
"TCK-084956A93D","ART-42FF12ED","high"
"TCK-5B18187E91","ART-6C6DA1B5","high"
"TCK-85C651112D","ART-680D0797","high"
"TCK-A88135E3F3","ART-707AE889","high"
"TCK-1282FBB698","ART-250E4219","high"
"TCK-4729C7408D","ART-1078053D","high"
"TCK-DBF5EE51A1","ART-4A35DCFE","high"
"TCK-6B78AEE469","ART-F6ADC65F","high"
"TCK-FF21EDDB5B","ART-2380231D","high"
"TCK-0766DAADB7","ART-133ABF10","high"
"TCK-F6F6BDDCB4","ART-28847AFD","high"
"TCK-F29E2C5985","ART-82A02300","high"
"TCK-F1430E914B","ART-DD6049CE","high"
"TCK-AD39613906","ART-3474AC9F","high"
"TCK-09DF1953FB","ART-5492B28C","high"
"TCK-F96270DB37","ART-46839B05","high"
"TCK-506800C37F","ART-CE5AB01A","high"
"TCK-9A413FD3A6","ART-062BC201","high"
"TCK-AF2BDD62B8","ART-2E986668","high"
"TCK-0C8D2F1D59","ART-9FBB7E07","high"
"TCK-034F4DED60","ART-2E986668","high"
"TCK-6B39956572","ART-32D9279D","high"
"TCK-5A799B7BF4","ART-DBAEB060","high"
"TCK-746E7D2713","ART-DF333CC1","high"
"TCK-EF73EF2352","ART-1078053D","high"
"TCK-FA371C3FBD","ART-6BCECBC3","high"
"TCK-613D7B3736","ART-DD6049CE","high"
"TCK-DA6D26ACCB","ART-0695E594","high"
"TCK-FB8D03FBB8","ART-F6ADC65F","high"
"TCK-1928F9023E","ART-DD6049CE","high"
"TCK-8B16E26410","ART-42FF12ED","high"
"TCK-1A1E221B80","ART-5DF6C3FE","high"
"TCK-25BAD12C50","ART-2E986668","high"
"TCK-9BAC1D77C2","ART-81C07636","high"
"TCK-269DAD74AD","ART-56D97CE5","high"
"TCK-0641B7F0F5","ART-A36127C2","high"
"TCK-36DD7EB616","ART-DF333CC1","high"
"TCK-2149003951","ART-87C7B85B","high"
"TCK-C40FCF2FE9","ART-680D0797","high"
"TCK-4B1C4D65E8","ART-36D98801","high"
"TCK-CF9DE1D05C","ART-DBAEB060","high"
"TCK-0A8E821F85","ART-28722E0F","high"
"TCK-24D4134621","ART-DD6049CE","high"
"TCK-F1AC938FFC","ART-707AE889","high"
"TCK-E6E9F27CBC","ART-5DF6C3FE","high"
"TCK-E841B075C0","ART-50619C06","high"
"TCK-40AF7E77BB","ART-2E986668","high"
"TCK-4C15D40EBF","ART-D82A809A","high"
"TCK-48906075E3","ART-BF7787C4","high"
"TCK-186974348F","ART-2380231D","high"
"TCK-F79A33CCDE","ART-E378315D","high"
"TCK-C4712FD792","ART-09F20E37","high"
"TCK-9669A20569","ART-2380231D","high"
"TCK-F14E251778","ART-CE5AB01A","high"
"TCK-565FBE6F7D","ART-00EBEDA6","high"
"TCK-0C4F7F6A72","ART-57251ED0","high"
"TCK-5DF0566ABC","ART-81C07636","high"
"TCK-4D4E3125FE","ART-0D261E6C","high"
"TCK-03A1984B06","ART-680D0797","high"
"TCK-4A36B86F78","ART-250E4219","high"
"TCK-7EA5823003","ART-DBAEB060","high"
"TCK-9163C5BE64","ART-00EBEDA6","high"
"TCK-B97BC4E0D6","ART-3474AC9F","high"
"TCK-3149D4D538","ART-A3BC31B6","high"
"TCK-F2130C8A7A","ART-B602DD4B","high"
"TCK-78BEF09439","ART-AF6EE40F","high"
"TCK-43A8D174F8","ART-B602DD4B","high"
"TCK-9BAC4BF9B2","ART-6C6DA1B5","high"
"TCK-AD41AF2A1F","ART-5492B28C","high"
"TCK-F27723C365","ART-614BE463","high"
"TCK-BB9CB58357","ART-4E99B6C4","high"
"TCK-C0373DF876","ART-3474AC9F","high"
"TCK-E11B345AAD","ART-F03FBFE8","high"
"TCK-0D6D567DA7","ART-81C07636","high"
"TCK-D3C6206394","ART-8FBA62D5","high"
"TCK-1F9AF3B337","ART-7E307077","high"
"TCK-30AB2FE4C5","ART-500B760B","high"
"TCK-EE5313F096","ART-8FBA62D5","high"
"TCK-1A1C4AF4C1","ART-81C07636","high"
"TCK-1744DF618D","ART-2380231D","high"
"TCK-833B08FD83","ART-307B9414","high"
"TCK-EBF11D1868","ART-E7555904","high"
"TCK-AEC2F1A41A","ART-0695E594","high"
"TCK-7B9E1A3B4A","ART-50619C06","high"
"TCK-41865791E5","ART-133ABF10","high"
"TCK-859D86E425","ART-062BC201","high"
"TCK-B72CBB0AA0","ART-E7555904","high"
"TCK-40C1DD69E5","ART-1078053D","high"
"TCK-B39F5F6FD9","ART-1BE32326","high"
"TCK-414787D0D6","ART-6C6DA1B5","high"
"TCK-CE232A98D6","ART-E7555904","high"
"TCK-CDA6D210A4","ART-50619C06","high"
"TCK-8510224881","ART-2E986668","high"
"TCK-BB2BDD7DA5","ART-F55EE56F","high"
"TCK-FC4D750219","ART-F6ADC65F","high"
"TCK-78627448F4","ART-C37EBE7A","high"
"TCK-20B9273242","ART-46839B05","high"
"TCK-4CB824EF4C","ART-DD6049CE","high"
"TCK-045837CCB4","ART-753FF6F9","high"
"TCK-9C2AF02248","ART-F55EE56F","high"
"TCK-51D8306964","ART-DA566855","high"
"TCK-3BD21F70AE","ART-87C7B85B","high"
"TCK-A7B695C565","ART-0695E594","high"
"TCK-EF1EAF1DF2","ART-133ABF10","high"
"TCK-F577D25959","ART-F55EE56F","high"
"TCK-FBA7924175","ART-DD6049CE","high"
"TCK-7EDAE31069","ART-81C07636","high"
"TCK-F9E3DA5DC7","ART-AF6EE40F","high"
"TCK-BC2C7ED52E","ART-B3E1FC82","high"
"TCK-A6304413B2","ART-5DC5112C","high"
"TCK-BA94AF150E","ART-AF6EE40F","high"
"TCK-C656F5F46F","ART-6BCECBC3","high"
"TCK-055D18949F","ART-753FF6F9","high"
"TCK-2CD0E00804","ART-062BC201","high"
"TCK-75DE2A1629","ART-B602DD4B","high"
"TCK-3831A30E8C","ART-B3E1FC82","high"
"TCK-42ABD240B0","ART-AC8C1122","high"
"TCK-5BFA454D37","ART-56D97CE5","high"
"TCK-06FEBE997C","ART-2380231D","high"
"TCK-A2B3C72B80","ART-753FF6F9","high"
"TCK-27D6807DD6","ART-09F20E37","high"
"TCK-789114E921","ART-BF7787C4","high"
"TCK-DF36136384","ART-F03FBFE8","high"
"TCK-26FE7EAB90","ART-2E986668","high"
"TCK-0545A933FD","ART-DBAEB060","high"
"TCK-B86E436EBF","ART-6BCECBC3","high"
"TCK-3EEF941EB6","ART-AC8C1122","high"
"TCK-72F73AB5BA","ART-690F2CCC","high"
"TCK-3A1C4715E9","ART-30B97389","high"
"TCK-A09F06ACEC","ART-AE43BC26","high"
"TCK-80E1C9B5D3","ART-30B97389","high"
"TCK-8B8B1E9165","ART-B602DD4B","high"
"TCK-0B251D446C","ART-0D261E6C","high"
"TCK-00A49FF1F4","ART-DD6049CE","high"
"TCK-DACFB7CCF9","ART-5FC8D736","high"
"TCK-8A72C46EFE","ART-7E307077","high"
"TCK-95D4F7BF4E","ART-5DF6C3FE","high"
"TCK-1246087B38","ART-46839B05","high"
"TCK-286286E5C0","ART-B3E1FC82","high"
"TCK-F4AB97C518","ART-133ABF10","high"
"TCK-E6BC20690B","ART-753FF6F9","high"
"TCK-F8615BEC23","ART-680D0797","high"
"TCK-1A13300758","ART-28847AFD","high"
"TCK-1EA46D16F5","ART-6C6DA1B5","high"
"TCK-63CA1773B8","ART-8FBA62D5","high"
"TCK-2587178CFF","ART-A6F8609A","high"
"TCK-BE977E20EE","ART-3D802D4E","high"
"TCK-AA577FFF02","ART-28722E0F","high"
"TCK-4DD735A188","ART-250E4219","high"
"TCK-2DAB218DBA","ART-F55EE56F","high"
"TCK-3973DB718F","ART-28847AFD","high"
"TCK-2C62BD6F0A","ART-680D0797","high"
"TCK-DAF13CB0E1","ART-AC8C1122","high"
"TCK-4E8010DD14","ART-28847AFD","high"
"TCK-FDA63E6B92","ART-0695E594","high"
"TCK-EC10E71C2C","ART-1078053D","high"
"TCK-071CD760DC","ART-09F20E37","high"
"TCK-60711B1C40","ART-FFA6BF4E","high"
"TCK-2E6F5E1D00","ART-30B97389","high"
"TCK-ABAC41EA97","ART-DD6049CE","high"
"TCK-6B250E6758","ART-DF333CC1","high"
"TCK-5346C158E7","ART-690F2CCC","high"
"TCK-B03C071270","ART-00EBEDA6","high"
"TCK-A874BBD184","ART-680D0797","high"
"TCK-3CAF9CFE6E","ART-AC8C1122","high"
"TCK-4A82202620","ART-0D261E6C","high"
"TCK-6CAD3EE031","ART-614BE463","high"
"TCK-BD4C3559EE","ART-FFA6BF4E","high"
"TCK-4CE38C860D","ART-AC8C1122","high"
"TCK-11696554B4","ART-133ABF10","high"
"TCK-A5BEB797C1","ART-EA8917E0","high"
"TCK-E3C87E6EEC","ART-2380231D","high"
"TCK-E405ACCAB0","ART-5DF6C3FE","high"
"TCK-28BE28B204","ART-5FC8D736","high"
"TCK-C8654233FF","ART-062BC201","high"
"TCK-CEC94D3A88","ART-82A02300","high"
"TCK-DEA5FB705F","ART-7E307077","high"
"TCK-ADBEA3835E","ART-88BE5565","high"
"TCK-A901F47A54","ART-A3BC31B6","high"
"TCK-E7CF14D08E","ART-C37EBE7A","high"
"TCK-BFA0CCC236","ART-88BE5565","high"
"TCK-C8FC6D94BD","ART-1BE32326","high"
"TCK-7942998B8D","ART-DBAEB060","high"
"TCK-E9AB588D74","ART-6BCECBC3","high"
"TCK-EB69822AD7","ART-2380231D","high"
"TCK-00A9D54B25","ART-307B9414","high"
"TCK-E4EE11D80B","ART-DA566855","high"
"TCK-74AF6510E4","ART-250E4219","high"
"TCK-020C51A750","ART-5DC5112C","high"
"TCK-C02F6BCC70","ART-46839B05","high"
"TCK-A178A7DCCC","ART-5DF6C3FE","high"
"TCK-283117A44E","ART-81C07636","high"
"TCK-E7612AFA5A","ART-A6F8609A","high"
"TCK-095A27A789","ART-30B97389","high"
"TCK-74A016E8B1","ART-2E986668","high"
"TCK-490E2C1F67","ART-3D802D4E","high"
"TCK-470858BCE4","ART-81C07636","high"
"TCK-2408EC8519","ART-DBAEB060","high"
"TCK-CCFBA37D02","ART-8FBA62D5","high"
"TCK-6504F960E1","ART-690F2CCC","high"
"TCK-E4AD6573CD","ART-56D97CE5","high"
"TCK-737DDE1CB1","ART-1078053D","high"
"TCK-3A4B63ACED","ART-B602DD4B","high"
"TCK-68508524BA","ART-A36127C2","high"
"TCK-029AC44C10","ART-B602DD4B","high"
"TCK-90FDE6C217","ART-3D802D4E","high"
"TCK-F4ABBB33EE","ART-133ABF10","high"
"TCK-CAAFC8A27D","ART-0D261E6C","high"
"TCK-4FC8B21433","ART-30B97389","high"
"TCK-C1DC871FD2","ART-56D97CE5","high"
"TCK-804E310BE0","ART-32D9279D","high"
"TCK-492A8C01C6","ART-28847AFD","high"
"TCK-E329A7922B","ART-DF333CC1","high"
"TCK-68B9A2A8B7","ART-307B9414","high"
"TCK-D543F2DEE9","ART-18BF0274","high"
"TCK-57806B02CF","ART-AF6EE40F","high"
"TCK-19F01324CE","ART-28847AFD","high"
"TCK-C285844287","ART-062BC201","high"
"TCK-0C2848FE6C","ART-DD6049CE","high"
"TCK-8D4DE0E3D2","ART-F6ADC65F","high"
"TCK-6A43C85119","ART-0D261E6C","high"
"TCK-0E4DD19D3C","ART-CE5AB01A","high"
"TCK-6356A97F19","ART-E378315D","high"
"TCK-A2B7C17BA6","ART-133ABF10","high"
"TCK-32C2A523CE","ART-DA566855","high"
"TCK-3754ABE637","ART-AC8C1122","high"
"TCK-9B5BBD5280","ART-AF6EE40F","high"
"TCK-77F6851053","ART-3474AC9F","high"
"TCK-ED94678A37","ART-CE5AB01A","high"
"TCK-35D8CC40D6","ART-82A02300","high"
"TCK-4DADA10015","ART-E7555904","high"
"TCK-D4BAFE7198","ART-E7555904","high"
"TCK-32621EF088","ART-4A35DCFE","high"
"TCK-D90CE0997A","ART-C37EBE7A","high"
"TCK-EAB84C48AA","ART-0695E594","high"
"TCK-1DA29C3CB1","ART-46839B05","high"
"TCK-46F3ACFFC9","ART-4A35DCFE","high"
"TCK-D2777498B4","ART-E378315D","high"
"TCK-983AD8F84D","ART-18BF0274","high"
"TCK-F705AA6CD2","ART-8FBA62D5","high"
"TCK-B3FA8D58B9","ART-690F2CCC","high"
"TCK-2BE9CC6E62","ART-AE43BC26","high"
"TCK-297E9A3F1D","ART-A3BC31B6","high"
"TCK-9C51D3F023","ART-D82A809A","high"
"TCK-FC6023C73D","ART-6C6DA1B5","high"
"TCK-6711317471","ART-DD6049CE","high"
"TCK-EFAA0673A3","ART-09F20E37","high"
"TCK-5ED52F52B2","ART-133ABF10","high"
"TCK-483634D058","ART-1078053D","high"
"TCK-1BBDEF15F9","ART-32D9279D","high"
"TCK-D7DAA3C4EB","ART-28847AFD","high"
"TCK-E579473575","ART-E7555904","high"
"TCK-29F416302E","ART-5FC8D736","high"
"TCK-E67801BCE0","ART-DD6049CE","high"
"TCK-5D2B3FA4AC","ART-92C2F213","high"
"TCK-E7873520C6","ART-DBAEB060","high"
"TCK-BD41D5AB27","ART-4A35DCFE","high"
"TCK-894627CE43","ART-00EBEDA6","high"
"TCK-5321CE738D","ART-3474AC9F","high"
"TCK-7A69745236","ART-88BE5565","high"
"TCK-04287D77E3","ART-D82A809A","high"
"TCK-F5BCB022E5","ART-09F20E37","high"
"TCK-77C48A407C","ART-133ABF10","high"
"TCK-AEDDA99C4E","ART-3DCED2AD","high"
"TCK-F59A95D11A","ART-81C07636","high"
"TCK-55332666D9","ART-88BE5565","high"
"TCK-EAF5F03E85","ART-FFA6BF4E","high"
"TCK-4EFA851A04","ART-DF333CC1","high"
"TCK-26EF451742","ART-EA8917E0","high"
"TCK-A1BE689FB5","ART-87C7B85B","high"
"TCK-93A9DFB523","ART-062BC201","high"
"TCK-AB34478B87","ART-1078053D","high"
"TCK-BE3E6C99F8","ART-F55EE56F","high"
"TCK-563DA12DFE","ART-9FBB7E07","high"
"TCK-4003C6AE3F","ART-062BC201","high"
"TCK-6B09B6C32F","ART-DF333CC1","high"
"TCK-23D7ACF436","ART-1BE32326","high"
"TCK-46060114EB","ART-8FBA62D5","high"
"TCK-429EBB18D7","ART-87C7B85B","high"
"TCK-B4CE503003","ART-AC8C1122","high"
"TCK-7D83E91F25","ART-500B760B","high"
"TCK-B98A74C84B","ART-247FFA7D","high"
"TCK-CF1395F061","ART-0D261E6C","high"
"TCK-2FE10D32B9","ART-CE5AB01A","high"
"TCK-732BC3A900","ART-EA8917E0","high"
"TCK-89C90D6469","ART-DD6049CE","high"
"TCK-94DB0E1C8E","ART-C37EBE7A","high"
"TCK-0A41A501F1","ART-DD6049CE","high"
"TCK-7DAE76E42B","ART-4A35DCFE","high"
"TCK-7CDD2632C5","ART-CE5AB01A","high"
"TCK-B928C23D2B","ART-1BE32326","high"
"TCK-1A8755FAA3","ART-56D97CE5","high"
"TCK-3368CF4A3E","ART-8FBA62D5","high"
"TCK-52A5014E3A","ART-3D802D4E","high"
"TCK-ADDDC6ADE8","ART-614BE463","high"
"TCK-CA64160DC5","ART-F55EE56F","high"
"TCK-0428773B2E","ART-3474AC9F","high"
"TCK-FCA880295A","ART-82A02300","high"
"TCK-6ACD2CA041","ART-3DCED2AD","high"
"TCK-C724285E99","ART-92C2F213","high"
"TCK-CCE48D99A7","ART-1078053D","high"
"TCK-1886A2F322","ART-5FC8D736","high"
"TCK-83107A5F02","ART-28847AFD","high"
"TCK-16F942710B","ART-7E307077","high"
"TCK-A85CA2B0EE","ART-5DC5112C","high"
"TCK-197A793558","ART-062BC201","high"
"TCK-3D4E7AA37A","ART-81C07636","high"
"TCK-69D6C9DDA3","ART-0695E594","high"
"TCK-155B4F7470","ART-DBAEB060","high"
"TCK-E060826EE7","ART-680D0797","high"
"TCK-2E09C8A6A8","ART-32D9279D","high"
"TCK-DB4F46FD2A","ART-50619C06","high"
"TCK-B162FBE172","ART-BF7787C4","high"
"TCK-1A884BF98B","ART-E7555904","high"
"TCK-0E20F81F90","ART-57251ED0","high"
"TCK-F38E715803","ART-247FFA7D","high"
"TCK-7AA5813C37","ART-4A35DCFE","high"
"TCK-A7AF29D386","ART-56D97CE5","high"
"TCK-CE0C4A89D5","ART-AF6EE40F","high"
"TCK-ABDA69C9EA","ART-680D0797","high"
"TCK-BE39C3B98F","ART-3DCED2AD","high"
"TCK-A3DD5D6C46","ART-AC8C1122","high"
"TCK-842330E493","ART-AE43BC26","high"
"TCK-FE78269950","ART-57251ED0","high"
"TCK-BA78F53A49","ART-F03FBFE8","high"
"TCK-4B7732AEF0","ART-5DF6C3FE","high"
"TCK-C8009BF991","ART-BF7787C4","high"
"TCK-7319BC46A3","ART-B602DD4B","high"
"TCK-8A4B16317E","ART-28722E0F","high"
"TCK-4ADCEC966D","ART-88BE5565","high"
"TCK-6D6F2C9189","ART-DA566855","high"
"TCK-A9605940DB","ART-C37EBE7A","high"
"TCK-3D90180982","ART-250E4219","high"
"TCK-61B0BD75A8","ART-8FBA62D5","high"
"TCK-BA4D8681AF","ART-5DC5112C","high"
"TCK-98E4C30BAF","ART-1BE32326","high"
"TCK-E679AFC446","ART-6BCECBC3","high"
"TCK-FA96BD5B85","ART-DF333CC1","high"
"TCK-015B4D7B25","ART-6BCECBC3","high"
"TCK-11EE337C90","ART-4E99B6C4","high"
"TCK-C53371791F","ART-C37EBE7A","high"
"TCK-EC45BB5926","ART-18BF0274","high"
"TCK-3ED7DD83C2","ART-09F20E37","high"
"TCK-8822A632F6","ART-614BE463","high"
"TCK-AC349BCDED","ART-707AE889","high"
"TCK-833CA9D9E3","ART-00EBEDA6","high"
"TCK-9D9567F534","ART-DA566855","high"
"TCK-6FF38B1A84","ART-5DC5112C","high"
"TCK-79C3691672","ART-0D261E6C","high"
"TCK-F1EC62BC8E","ART-B602DD4B","high"
"TCK-7DD933E979","ART-A36127C2","high"
"TCK-0534AE47C3","ART-50619C06","high"
"TCK-ED56E60E94","ART-500B760B","high"
"TCK-6A327C907A","ART-DA566855","high"
"TCK-9F0906F4C3","ART-707AE889","high"
"TCK-4D84946856","ART-A36127C2","high"
"TCK-2003E91BFD","ART-AF6EE40F","high"
"TCK-A7B3842684","ART-307B9414","high"
"TCK-CBC94EC2B3","ART-5DF6C3FE","high"
"TCK-F1C8B0F53F","ART-5DF6C3FE","high"
"TCK-B7BDD176F8","ART-A6F8609A","high"
"TCK-C388AD2DAD","ART-B3E1FC82","high"
"TCK-C883A19269","ART-3474AC9F","high"
"TCK-EC4239B908","ART-250E4219","high"
"TCK-EFCD4BC259","ART-32D9279D","high"
"TCK-FC46EA3324","ART-57251ED0","high"
"TCK-B7E6496AA1","ART-5DC5112C","high"
"TCK-A1B6676650","ART-E7555904","high"
"TCK-0DAEA177B7","ART-133ABF10","high"
"TCK-B7103DDDE0","ART-2380231D","high"
"TCK-741A17190C","ART-AF6EE40F","high"
"TCK-202F63E34E","ART-09F20E37","high"
"TCK-56101A1D4F","ART-4E99B6C4","high"
"TCK-87B9E75D57","ART-6C6DA1B5","high"
"TCK-0A2959CF2C","ART-707AE889","high"
"TCK-ECAD006F5C","ART-30B97389","high"
"TCK-594B38E9DE","ART-8FBA62D5","high"
"TCK-011534C82F","ART-3D802D4E","high"
"TCK-2C816523A4","ART-6C6DA1B5","high"
"TCK-6928B4BBD3","ART-F03FBFE8","high"
"TCK-C78266F93E","ART-0D261E6C","high"
"TCK-18F182FB9D","ART-1078053D","high"
"TCK-D03454C52D","ART-82A02300","high"
"TCK-451397E652","ART-81C07636","high"
"TCK-BCAA2FBEA0","ART-707AE889","high"
"TCK-99D1776D77","ART-3474AC9F","high"
"TCK-738B323C08","ART-A3BC31B6","high"
"TCK-7DABC59A7E","ART-1BE32326","high"
"TCK-C2CD5A58BA","ART-5492B28C","high"
"TCK-B8C3665D48","ART-4A35DCFE","high"
"TCK-B0E645DB59","ART-5DF6C3FE","high"
"TCK-D3D777CBD8","ART-42FF12ED","high"
"TCK-ED3B1FB588","ART-7E307077","high"
"TCK-BACA41633F","ART-690F2CCC","high"
"TCK-3736F29D13","ART-FFA6BF4E","high"
"TCK-7DEA5500A2","ART-2380231D","high"
"TCK-FF57655DE7","ART-AC8C1122","high"
"TCK-99782829CC","ART-56D97CE5","high"
"TCK-A2CBE73516","ART-82A02300","high"
"TCK-506115BB00","ART-E378315D","high"
"TCK-D54E06BCFD","ART-614BE463","high"
"TCK-51950CE9EA","ART-50619C06","high"
"TCK-A671FC5E0E","ART-42FF12ED","high"
"TCK-230C6E22DB","ART-DF333CC1","high"
"TCK-F0633A6399","ART-2380231D","high"
"TCK-12FD6755A0","ART-3474AC9F","high"
"TCK-CE17EF9F24","ART-1078053D","high"
"TCK-DFA03DAA2B","ART-DA566855","high"
"TCK-8C3FE4920A","ART-B3E1FC82","high"
"TCK-66E39842A3","ART-690F2CCC","high"
"TCK-6265381C69","ART-A3BC31B6","high"
"TCK-C8EE5CCEA3","ART-4E99B6C4","high"
"TCK-42EDBDCFB4","ART-247FFA7D","high"
"TCK-EA5A0887DC","ART-A3BC31B6","high"
"TCK-DA321B4A9A","ART-4E99B6C4","high"
"TCK-86E0979FAA","ART-8FBA62D5","high"
"TCK-518251CFD1","ART-AF6EE40F","high"
"TCK-A37771FCF4","ART-753FF6F9","high"
"TCK-DF66D2643D","ART-28847AFD","high"
"TCK-E469ADC301","ART-DF333CC1","high"
"TCK-B1D85CA427","ART-F55EE56F","high"
"TCK-09684BF573","ART-062BC201","high"
"TCK-B531B6DE50","ART-56D97CE5","high"
"TCK-B95D383198","ART-F55EE56F","high"
"TCK-27FAD05C9F","ART-5492B28C","high"
"TCK-DFD7078AB7","ART-09F20E37","high"
"TCK-B199B9D034","ART-DD6049CE","high"
"TCK-64530820CC","ART-D82A809A","high"
"TCK-21AA0C2AB7","ART-500B760B","high"
"TCK-FB4F6E7156","ART-2380231D","high"
"TCK-F379D19901","ART-AE43BC26","high"
"TCK-651DF074A6","ART-3D802D4E","high"
"TCK-A0A8F05823","ART-247FFA7D","high"
"TCK-7F476EE6E0","ART-EA8917E0","high"
"TCK-DCD3781969","ART-3DCED2AD","high"
"TCK-F896C3D759","ART-AE43BC26","high"
"TCK-1E38083BB3","ART-F55EE56F","high"
"TCK-A950995075","ART-8FBA62D5","high"
"TCK-5526BD6146","ART-C37EBE7A","high"
"TCK-47934614EB","ART-88BE5565","high"
"TCK-0809FD5A72","ART-18BF0274","high"
"TCK-8867EF5C4A","ART-56D97CE5","high"
"TCK-2C85ADB72D","ART-1078053D","high"
"TCK-4F99BB916F","ART-CE5AB01A","high"
"TCK-E5874812C9","ART-8FBA62D5","high"
"TCK-D534F436D0","ART-133ABF10","high"
"TCK-5D93891D88","ART-82A02300","high"
"TCK-EBBC67F197","ART-5DF6C3FE","high"
"TCK-502D35FA0B","ART-4E99B6C4","high"
"TCK-8FFEF67A75","ART-D82A809A","high"
"TCK-B8CAEB5C8A","ART-18BF0274","high"
"TCK-602E8C033E","ART-42FF12ED","high"
"TCK-DF0D4E08BE","ART-46839B05","high"
"TCK-41F58B8FC2","ART-DD6049CE","high"
"TCK-31576CE2A5","ART-B602DD4B","high"
"TCK-9014A60BA4","ART-7E307077","high"
"TCK-7117074695","ART-250E4219","high"
"TCK-58071F0A20","ART-250E4219","high"
"TCK-CA8242ACFE","ART-707AE889","high"
"TCK-289AB64C28","ART-36D98801","high"
"TCK-9FD624BA4D","ART-5FC8D736","high"
"TCK-7616DE8B19","ART-A6F8609A","high"
"TCK-68AD0103C1","ART-30B97389","high"
"TCK-E6624CE668","ART-E7555904","high"
"TCK-DE6A1934D0","ART-614BE463","high"
"TCK-3909CB36CF","ART-46839B05","high"
"TCK-6F2AE9D6E7","ART-88BE5565","high"
"TCK-42111C7072","ART-28722E0F","high"
"TCK-E5B87F9F94","ART-DF333CC1","high"
"TCK-9150EA6997","ART-5DC5112C","high"
"TCK-61D72D23A8","ART-9FBB7E07","high"
"TCK-C423253659","ART-A36127C2","high"
"TCK-7966032ED7","ART-DF333CC1","high"
"TCK-D2260A3778","ART-18BF0274","high"
"TCK-2001F59A96","ART-AF6EE40F","high"
"TCK-D9FCA69537","ART-81C07636","high"
"TCK-19BCFB04D4","ART-09F20E37","high"
"TCK-56E7C2A5F1","ART-CE5AB01A","high"
"TCK-EDA5F3B0F5","ART-DA566855","high"
"TCK-FB48F73473","ART-56D97CE5","high"
"TCK-7F0023C1CB","ART-87C7B85B","high"
"TCK-309CD7278C","ART-3DCED2AD","high"
"TCK-D64024B9A2","ART-0D261E6C","high"
"TCK-41F83B9698","ART-3474AC9F","high"
"TCK-4D8C361A45","ART-5DC5112C","high"
"TCK-8D54668E98","ART-4E99B6C4","high"
"TCK-626326DD8E","ART-46839B05","high"
"TCK-327CF4EE05","ART-680D0797","high"
"TCK-AF987D025A","ART-2E986668","high"
"TCK-047BDCC4E7","ART-AE43BC26","high"
"TCK-CE9F1DD9AD","ART-0695E594","high"
"TCK-85764014F4","ART-4A35DCFE","high"
"TCK-44AE117C2B","ART-AE43BC26","high"
"TCK-094E6D0CE6","ART-2E986668","high"
"TCK-D8D4DAF23F","ART-133ABF10","high"
"TCK-1985910644","ART-1078053D","high"
"TCK-7EABAC0FAF","ART-753FF6F9","high"
"TCK-C7A0DB703D","ART-E7555904","high"
"TCK-4E41636239","ART-3D802D4E","high"
"TCK-9972BBAB28","ART-EA8917E0","high"
"TCK-0D0162F55C","ART-307B9414","high"
"TCK-5C92EE5784","ART-FFA6BF4E","high"
"TCK-DC25229DFB","ART-A36127C2","high"
"TCK-855709D5DB","ART-AE43BC26","high"
"TCK-E7D9B9AC7D","ART-30B97389","high"
"TCK-FB54F8D72F","ART-614BE463","high"
"TCK-41F5469461","ART-A36127C2","high"
"TCK-FC6326CB0C","ART-0695E594","high"
"TCK-514C38D22E","ART-0695E594","high"
"TCK-AEC06E3BDE","ART-50619C06","high"
"TCK-49227F74A2","ART-500B760B","high"
"TCK-B7A5227BBA","ART-B3E1FC82","high"
"TCK-3C715C9BB0","ART-133ABF10","high"
"TCK-7477BFCF38","ART-6C6DA1B5","high"
"TCK-52D5152E47","ART-E378315D","high"
"TCK-ACD76251DD","ART-EA8917E0","high"
"TCK-A2578D29D9","ART-3DCED2AD","high"
"TCK-769BB66AC9","ART-F6ADC65F","high"
"TCK-D5D9616C41","ART-614BE463","high"
"TCK-CA9B33BB2E","ART-00EBEDA6","high"
"TCK-9E5D0C7BFC","ART-3D802D4E","high"
"TCK-AF0F59DA67","ART-81C07636","high"
"TCK-B54F36273F","ART-DF333CC1","high"
"TCK-4334A98FB9","ART-F55EE56F","high"
"TCK-6AEC113388","ART-28847AFD","high"
"TCK-C24989EBB0","ART-A6F8609A","high"
"TCK-8248C78589","ART-09F20E37","high"
"TCK-237C6B0939","ART-4E99B6C4","high"
"TCK-7943051C30","ART-AC8C1122","high"
"TCK-B187DCE600","ART-247FFA7D","high"
"TCK-5BB0EE1F5E","ART-C37EBE7A","high"
"TCK-7C8A779088","ART-5492B28C","high"
"TCK-105C66129F","ART-247FFA7D","high"
"TCK-4A1BD035D6","ART-753FF6F9","high"
"TCK-B917684964","ART-A3BC31B6","high"
"TCK-65E28E99F0","ART-E378315D","high"
"TCK-516DC9C5E3","ART-680D0797","high"
"TCK-0E6A1EDF4F","ART-FFA6BF4E","high"
"TCK-7AC2B95424","ART-28722E0F","high"
"TCK-3AFCE697E3","ART-AF6EE40F","high"
"TCK-356AC6F045","ART-0695E594","high"
"TCK-DFF38D149F","ART-8FBA62D5","high"
"TCK-AFEB8D2FF2","ART-C37EBE7A","high"
"TCK-20571BF09A","ART-BF7787C4","high"
"TCK-6E08E68C68","ART-DA566855","high"
"TCK-4DE3896527","ART-4A35DCFE","high"
"TCK-E613064902","ART-690F2CCC","high"
"TCK-484A17B4E4","ART-3474AC9F","high"
"TCK-639D2D7188","ART-307B9414","high"
"TCK-0F6D7E73DE","ART-F6ADC65F","high"
"TCK-354755AAF3","ART-82A02300","high"
"TCK-6D075510EF","ART-250E4219","high"
"TCK-B44BE7F567","ART-2E986668","high"
"TCK-DC1C974887","ART-3DCED2AD","high"
"TCK-9B32BBEC64","ART-2380231D","high"
"TCK-DCBD8EE05C","ART-C37EBE7A","high"
"TCK-6C3427E154","ART-E7555904","high"
"TCK-9168EB6D8E","ART-2E986668","high"
"TCK-C1892334B8","ART-81C07636","high"
"TCK-54AA92694B","ART-680D0797","high"
"TCK-D2A1B1B930","ART-DF333CC1","high"
"TCK-C93A5A852C","ART-32D9279D","high"
"TCK-CBBBB12FDA","ART-3DCED2AD","high"
"TCK-6B14F28389","ART-2380231D","high"
"TCK-1381F061C0","ART-307B9414","high"
"TCK-89823ACB0D","ART-753FF6F9","high"
"TCK-35A25A7632","ART-AE43BC26","high"
"TCK-CCA67C79E9","ART-A6F8609A","high"
"TCK-2A1F6F3D7B","ART-5DC5112C","high"
"TCK-18E9AB1FCC","ART-09F20E37","high"
"TCK-C611B71E37","ART-500B760B","high"
"TCK-7978DDC4D3","ART-0695E594","high"
"TCK-D322351E30","ART-AC8C1122","high"
"TCK-AEED6D5EC8","ART-F03FBFE8","high"
"TCK-AF99A1173E","ART-500B760B","high"
"TCK-BDD0929790","ART-5492B28C","high"
"TCK-08F5368406","ART-32D9279D","high"
"TCK-31EBB0CDD8","ART-6BCECBC3","high"
"TCK-5CAE0BA2D0","ART-A6F8609A","high"
"TCK-D4CB63BA31","ART-5DC5112C","high"
"TCK-EBA12F8F56","ART-7E307077","high"
"TCK-576BB7A005","ART-D82A809A","high"
"TCK-145BB0291E","ART-707AE889","high"
"TCK-FC75F02FDF","ART-247FFA7D","high"
"TCK-07225D3C94","ART-0695E594","high"
"TCK-391611F2AD","ART-133ABF10","high"
"TCK-44C1B48956","ART-EA8917E0","high"
"TCK-8AF2777DE5","ART-BF7787C4","high"
"TCK-127770A85F","ART-690F2CCC","high"
"TCK-3C8A9DFEB9","ART-680D0797","high"
"TCK-DDB4A1FC48","ART-F55EE56F","high"
"TCK-F850A161DB","ART-00EBEDA6","high"
"TCK-84F7BFA985","ART-BF7787C4","high"
"TCK-08E803C476","ART-30B97389","high"
"TCK-3EFC2FAE1E","ART-C37EBE7A","high"
"TCK-4FCE5EDF5C","ART-680D0797","high"
"TCK-18E6654EF9","ART-F55EE56F","high"
"TCK-D9799CC327","ART-81C07636","high"
"TCK-2013F2815E","ART-C37EBE7A","high"
"TCK-74FDA63FDA","ART-DBAEB060","high"
"TCK-F8562A23C9","ART-E378315D","high"
"TCK-A29B0CC907","ART-3474AC9F","high"
"TCK-F88218B16E","ART-09F20E37","high"
"TCK-7CA4FE9F17","ART-6C6DA1B5","high"
"TCK-0E8BD4F3D2","ART-B602DD4B","high"
"TCK-022BCDA86A","ART-A6F8609A","high"
"TCK-3512DE09F1","ART-DD6049CE","high"
"TCK-F3F2E82A7C","ART-36D98801","high"
"TCK-661A61D981","ART-6C6DA1B5","high"
"TCK-AE53DF0199","ART-3DCED2AD","high"
"TCK-16B720ACC4","ART-57251ED0","high"
"TCK-B35D5F51C6","ART-3D802D4E","high"
"TCK-EDA984862C","ART-307B9414","high"
"TCK-F77B82BCF1","ART-707AE889","high"
"TCK-0DED61E6A8","ART-3DCED2AD","high"
"TCK-B180207304","ART-18BF0274","high"
"TCK-AFCD32F8CB","ART-6C6DA1B5","high"
"TCK-7EA287AD2D","ART-AE43BC26","high"
"TCK-DDCBC63354","ART-DF333CC1","high"
"TCK-1F04D9C14B","ART-F6ADC65F","high"
"TCK-A78200C3AC","ART-B602DD4B","high"
"TCK-F023013173","ART-DA566855","high"
"TCK-51C77B48FA","ART-30B97389","high"
"TCK-5F25FFBE91","ART-DBAEB060","high"
"TCK-A5C1A66819","ART-FFA6BF4E","high"
"TCK-DA2D8CF8B8","ART-28722E0F","high"
"TCK-B6EE633F6B","ART-AC8C1122","high"
"TCK-057855738D","ART-42FF12ED","high"
"TCK-B35C299758","ART-28847AFD","high"
"TCK-B80E5EDBD4","ART-3D802D4E","high"
"TCK-2952FA6AC2","ART-F6ADC65F","high"
"TCK-20F6C096D5","ART-18BF0274","high"
"TCK-87962BD55D","ART-062BC201","high"
"TCK-67BD578557","ART-36D98801","high"
"TCK-2320FC601F","ART-82A02300","high"
"TCK-C0B519B8A8","ART-680D0797","high"
"TCK-C9C27A6245","ART-AF6EE40F","high"
"TCK-41BBDACD9A","ART-614BE463","high"
"TCK-BB8541E381","ART-32D9279D","high"
"TCK-76D30EDBAD","ART-3D802D4E","high"
"TCK-A2462726A1","ART-46839B05","high"
"TCK-350E9F365E","ART-A3BC31B6","high"
"TCK-F481A6B856","ART-500B760B","high"
"TCK-4B07768FE2","ART-B602DD4B","high"
"TCK-6BFE6AD6D8","ART-92C2F213","high"
"TCK-8371BCADFC","ART-87C7B85B","high"
"TCK-3CBC93678B","ART-307B9414","high"
"TCK-CD116008DC","ART-DA566855","high"
"TCK-7539E38D9E","ART-C37EBE7A","high"
"TCK-34E495021F","ART-28722E0F","high"
"TCK-926FD86F0B","ART-DD6049CE","high"
"TCK-70C5823699","ART-DBAEB060","high"
"TCK-2646957F9E","ART-92C2F213","high"
"TCK-CCF8F813B3","ART-9FBB7E07","high"
"TCK-1ADDA4A724","ART-2380231D","high"
"TCK-D523F947D8","ART-5492B28C","high"
"TCK-9274774FD5","ART-6C6DA1B5","high"
"TCK-1E031011DC","ART-250E4219","high"
"TCK-83BCA2F62C","ART-6C6DA1B5","high"
"TCK-C3D4B44DE5","ART-18BF0274","high"
"TCK-DBD0CA7B62","ART-614BE463","high"
"TCK-B4E9F64F45","ART-DA566855","high"
"TCK-A251927C9B","ART-3474AC9F","high"
"TCK-FFE842FE07","ART-F55EE56F","high"
"TCK-9D3668FC70","ART-30B97389","high"
"TCK-F475189B8B","ART-2380231D","high"
"TCK-DBD208B8A8","ART-BF7787C4","high"
"TCK-F8DD30F884","ART-3D802D4E","high"
"TCK-82B43987F4","ART-AE43BC26","high"
"TCK-E774725681","ART-50619C06","high"
"TCK-9141AAE004","ART-680D0797","high"
"TCK-9622C99194","ART-E378315D","high"
"TCK-D7FCF1D107","ART-E378315D","high"
"TCK-1DABDC7291","ART-614BE463","high"
"TCK-7DF5B835AE","ART-87C7B85B","high"
"TCK-775BFEFCCF","ART-4E99B6C4","high"
"TCK-C8683F67F3","ART-F55EE56F","high"
"TCK-8C1EAE114C","ART-F6ADC65F","high"
"TCK-05709A0229","ART-A3BC31B6","high"
"TCK-B3D9C7AB0E","ART-DF333CC1","high"
"TCK-DEE39C13D4","ART-0695E594","high"
"TCK-BC55BC1C95","ART-F03FBFE8","high"
"TCK-63456382EF","ART-3DCED2AD","high"
"TCK-B0E38862B1","ART-82A02300","high"
"TCK-A18AFB68F8","ART-614BE463","high"
"TCK-9FE486538F","ART-28847AFD","high"
"TCK-1BF7A17D4F","ART-0D261E6C","high"
"TCK-24F26BEDCF","ART-D82A809A","high"
"TCK-27742FA01A","ART-5492B28C","high"
"TCK-7F89DFF5F7","ART-2380231D","high"
"TCK-84F59909B6","ART-C37EBE7A","high"
"TCK-8AADDA7DC8","ART-1078053D","high"
"TCK-D6A47F6683","ART-A6F8609A","high"
"TCK-3E9C46BE54","ART-6BCECBC3","high"
"TCK-0C12D1EBED","ART-81C07636","high"
"TCK-EB9140A6A8","ART-32D9279D","high"
"TCK-6DBA8F119F","ART-AE43BC26","high"
"TCK-83F5CFB64A","ART-8FBA62D5","high"
"TCK-9B29CB5B9C","ART-AF6EE40F","high"
"TCK-0C2906F8FB","ART-42FF12ED","high"
"TCK-A2FAAF780B","ART-A36127C2","high"
"TCK-58A42D4B21","ART-C37EBE7A","high"
"TCK-BBAB0125C4","ART-5FC8D736","high"
"TCK-BEA9BE30C0","ART-500B760B","high"
"TCK-3F832FEC82","ART-F55EE56F","high"
"TCK-943425EA89","ART-36D98801","high"
"TCK-44F3B711AE","ART-92C2F213","high"
"TCK-6769377AAF","ART-E7555904","high"
"TCK-A82AF2550C","ART-0D261E6C","high"
"TCK-EC338D0051","ART-DD6049CE","high"
"TCK-029D788DD5","ART-FFA6BF4E","high"
"TCK-B4D909DF5D","ART-BF7787C4","high"
"TCK-CEA3B39673","ART-09F20E37","high"
"TCK-67A2E3C072","ART-09F20E37","high"
"TCK-7FE892E4DA","ART-87C7B85B","high"
"TCK-7020E2F023","ART-307B9414","high"
"TCK-A9E877BF46","ART-A6F8609A","high"
"TCK-FC72650DFC","ART-B602DD4B","high"
"TCK-CD35B54476","ART-C37EBE7A","high"
"TCK-5D97B8C9CC","ART-133ABF10","high"
"TCK-0C6749AB3C","ART-DBAEB060","high"
"TCK-ECC019BFD5","ART-DD6049CE","high"
"TCK-93B54158D0","ART-A3BC31B6","high"
"TCK-201DAF4478","ART-AF6EE40F","high"
"TCK-C01E48C71D","ART-DF333CC1","high"
"TCK-772BDBCDD8","ART-87C7B85B","high"
"TCK-F0F75D97BC","ART-5492B28C","high"
"TCK-1FE71E0E40","ART-36D98801","high"
"TCK-C9EBE519A8","ART-707AE889","high"
"TCK-8B21CC4596","ART-307B9414","high"
"TCK-9EDE315CD1","ART-3474AC9F","high"
"TCK-FF76303E53","ART-247FFA7D","high"
"TCK-24A1E68F3F","ART-6BCECBC3","high"
"TCK-AA00503715","ART-AC8C1122","high"
"TCK-74C6F47871","ART-82A02300","high"
"TCK-AE56E5B104","ART-AC8C1122","high"
"TCK-9552728CAE","ART-1BE32326","high"
"TCK-0D836BA5BA","ART-A6F8609A","high"
"TCK-EDB2A3BCCE","ART-F03FBFE8","high"
"TCK-898B18E7D8","ART-753FF6F9","high"
"TCK-E73C39CEC4","ART-614BE463","high"
"TCK-C053B8C4DA","ART-4E99B6C4","high"
"TCK-2846197B3E","ART-6C6DA1B5","high"
"TCK-CF18B38FC1","ART-680D0797","high"
"TCK-6AD34B46E1","ART-062BC201","high"
"TCK-E076C90F83","ART-AF6EE40F","high"
"TCK-F8599D09DB","ART-87C7B85B","high"
"TCK-37B4A41461","ART-30B97389","high"
"TCK-858B2A6990","ART-18BF0274","high"
"TCK-6B7A8962CB","ART-88BE5565","high"
"TCK-8FAFBDD6BB","ART-28722E0F","high"
"TCK-D5C9C805D2","ART-F6ADC65F","high"
"TCK-BBD6F32A03","ART-3D802D4E","high"
"TCK-8E1652EE92","ART-1078053D","high"
"TCK-9A0BB6E43E","ART-2E986668","high"
"TCK-90EAD4DF2D","ART-81C07636","high"
"TCK-D65574C090","ART-2E986668","high"
"TCK-1452408C26","ART-DF333CC1","high"
"TCK-E7636CD69F","ART-8FBA62D5","high"
"TCK-E49EFA5F83","ART-F55EE56F","high"
"TCK-BBE7BD4573","ART-307B9414","high"
"TCK-83EDC08015","ART-CE5AB01A","high"
"TCK-57E7DE3AC2","ART-B3E1FC82","high"
"TCK-F28FF00499","ART-E378315D","high"
"TCK-0361582F97","ART-062BC201","high"
"TCK-091772E087","ART-AE43BC26","high"
"TCK-74245C9A2E","ART-00EBEDA6","high"
"TCK-37DF2BE2B5","ART-6BCECBC3","high"
"TCK-A105E629B6","ART-690F2CCC","high"
"TCK-BBB1353C08","ART-C37EBE7A","high"
"TCK-9A339FF0F2","ART-4A35DCFE","high"
"TCK-20620AAA58","ART-00EBEDA6","high"
"TCK-5ECAE086E4","ART-AF6EE40F","high"
"TCK-F0FE9ECCD4","ART-AC8C1122","high"
"TCK-37EFFDD53E","ART-9FBB7E07","high"
"TCK-69B26A49A4","ART-5DF6C3FE","high"
"TCK-5F6F74E465","ART-707AE889","high"
"TCK-9A2DBD9F26","ART-18BF0274","high"
"TCK-487A4A432D","ART-A6F8609A","high"
"TCK-C600C6FE8F","ART-B3E1FC82","high"
"TCK-8B5DBFE95C","ART-42FF12ED","high"
"TCK-3578AF5FDA","ART-AE43BC26","high"
"TCK-2A2D444A2A","ART-5492B28C","high"
"TCK-3BB5BC9A13","ART-1078053D","high"
"TCK-D4A3D3783A","ART-C37EBE7A","high"
"TCK-BD89297A45","ART-DA566855","high"
"TCK-8A1C5E5AD2","ART-250E4219","high"
"TCK-095E2D7DAE","ART-3D802D4E","high"
"TCK-2A177795B9","ART-6C6DA1B5","high"
"TCK-9E5BCFC038","ART-82A02300","high"
"TCK-3D73CEC8AF","ART-0D261E6C","high"
"TCK-8055D10C55","ART-A36127C2","high"
"TCK-EC85773553","ART-A6F8609A","high"
"TCK-12107F37F4","ART-A3BC31B6","high"
"TCK-71143CA9FD","ART-5DC5112C","high"
"TCK-0010CC19DD","ART-500B760B","high"
"TCK-3782FB9278","ART-42FF12ED","high"
"TCK-9F6BE018C1","ART-28722E0F","high"
"TCK-95AA7CD45A","ART-AE43BC26","high"
"TCK-D57DBD240F","ART-A3BC31B6","high"
"TCK-037A9D19A1","ART-3DCED2AD","high"
"TCK-1E94E044FA","ART-2E986668","high"
"TCK-65994CB110","ART-690F2CCC","high"
"TCK-BA0C55861E","ART-3474AC9F","high"
"TCK-F1DA889578","ART-87C7B85B","high"
"TCK-B7AEAD6DB3","ART-E7555904","high"
"TCK-08109B5FF2","ART-690F2CCC","high"
"TCK-6024E51CE1","ART-92C2F213","high"
"TCK-D18C4F6D63","ART-28722E0F","high"
"TCK-532C6310EB","ART-500B760B","high"
"TCK-87DE4E0009","ART-7E307077","high"
"TCK-9CBD472FA5","ART-707AE889","high"
"TCK-D8C10F8A77","ART-7E307077","high"
"TCK-1BE6FDC38D","ART-133ABF10","high"
"TCK-6ED9C1D50B","ART-614BE463","high"
"TCK-36894BC8E4","ART-81C07636","high"
"TCK-5D9B041219","ART-57251ED0","high"
"TCK-C79CA6AEFC","ART-E378315D","high"
"TCK-8EBC749AE2","ART-36D98801","high"
"TCK-2333277E1F","ART-062BC201","high"
"TCK-5496506E07","ART-56D97CE5","high"
"TCK-86E37092A3","ART-F55EE56F","high"
"TCK-6E12653DAF","ART-00EBEDA6","high"
"TCK-1683AAE57A","ART-50619C06","high"
"TCK-1513F773CC","ART-614BE463","high"
"TCK-9CC9B924C3","ART-09F20E37","high"
"TCK-156CD82179","ART-062BC201","high"
"TCK-4A018EACE3","ART-753FF6F9","high"
"TCK-6DBC22565E","ART-FFA6BF4E","high"
"TCK-C1DA37BFE1","ART-3D802D4E","high"
"TCK-D5433B6756","ART-1078053D","high"
"TCK-5954ED02C7","ART-F55EE56F","high"
"TCK-081E556A37","ART-2380231D","high"
"TCK-A91CC67E77","ART-18BF0274","high"
"TCK-F9B7C4F92E","ART-C37EBE7A","high"
"TCK-2B4F75AD48","ART-BF7787C4","high"
"TCK-1169AC7AEC","ART-28847AFD","high"
"TCK-640874AB72","ART-36D98801","high"
"TCK-8D4633A9B2","ART-6C6DA1B5","high"
"TCK-3DC6DF9741","ART-82A02300","high"
"TCK-7F7A1DE159","ART-B3E1FC82","high"
"TCK-32FE10F469","ART-00EBEDA6","high"
"TCK-403F269A25","ART-6BCECBC3","high"
"TCK-C105AB0BCE","ART-A6F8609A","high"
"TCK-A969060C13","ART-3474AC9F","high"
"TCK-7B4D15B1AB","ART-CE5AB01A","high"
"TCK-CC488750A6","ART-250E4219","high"
"TCK-5606B337CC","ART-5DC5112C","high"
"TCK-DD70AA2650","ART-DF333CC1","high"
"TCK-686AEDF924","ART-A36127C2","high"
"TCK-B124E43333","ART-614BE463","high"
"TCK-9C52E63E80","ART-B602DD4B","high"
"TCK-297E00C935","ART-E378315D","high"
"TCK-BE725B70AF","ART-18BF0274","high"
"TCK-9E10CF8DE2","ART-E378315D","high"
"TCK-5E5997AA5C","ART-A36127C2","high"
"TCK-614D59D3DF","ART-B602DD4B","high"
"TCK-F32FF15A08","ART-BF7787C4","high"
"TCK-737CFF8CE3","ART-680D0797","high"
"TCK-A6D0A169F4","ART-247FFA7D","high"
"TCK-479A702A85","ART-2E986668","high"
"TCK-7EB70E09B9","ART-1078053D","high"
"TCK-65224A77DA","ART-D82A809A","high"
"TCK-2E99029847","ART-2E986668","high"
"TCK-099721D9B5","ART-87C7B85B","high"
"TCK-443CA00B32","ART-4A35DCFE","high"
"TCK-C25AD8A3E5","ART-3474AC9F","high"
"TCK-E163B070FC","ART-9FBB7E07","high"
"TCK-558BD296E4","ART-133ABF10","high"
"TCK-27EC351E45","ART-3D802D4E","high"
"TCK-FAF4319B40","ART-88BE5565","high"
"TCK-7C91BEDE37","ART-250E4219","high"
"TCK-E6F08F780F","ART-46839B05","high"
"TCK-910EFDE7EB","ART-614BE463","high"
"TCK-FF1484697B","ART-7E307077","high"
"TCK-DE3F35AA71","ART-4E99B6C4","high"
"TCK-335B48ACD8","ART-56D97CE5","high"
"TCK-6272CAFA20","ART-E7555904","high"
"TCK-F5017554E7","ART-0695E594","high"
"TCK-FB7E96536E","ART-42FF12ED","high"
"TCK-E0EE9185C4","ART-062BC201","high"
"TCK-06A5C8F0FA","ART-AF6EE40F","high"
"TCK-E6A053AF61","ART-C37EBE7A","high"
"TCK-ABE61A31E1","ART-062BC201","high"
"TCK-8D1251EC13","ART-82A02300","high"
"TCK-A9DE420A15","ART-82A02300","high"
"TCK-552DFB1202","ART-28722E0F","high"
"TCK-9E6DF8DA3C","ART-F6ADC65F","high"
"TCK-7098815FFC","ART-82A02300","high"
"TCK-A4072A5695","ART-18BF0274","high"
"TCK-D35D8A097C","ART-00EBEDA6","high"
"TCK-A7ED62999B","ART-4E99B6C4","high"
"TCK-A9A1748EED","ART-6C6DA1B5","high"
"TCK-F808508734","ART-32D9279D","high"
"TCK-F9422AD026","ART-690F2CCC","high"
"TCK-801AB53617","ART-82A02300","high"
"TCK-B0C95FDBDD","ART-133ABF10","high"
"TCK-2A2B2C51A6","ART-36D98801","high"
"TCK-90F1605747","ART-E7555904","high"
"TCK-0032BC5D0A","ART-B602DD4B","high"
"TCK-A9963C2C30","ART-5DF6C3FE","high"
"TCK-E83A27AE83","ART-680D0797","high"
"TCK-8B0F77CABF","ART-36D98801","high"
"TCK-6D4B206E16","ART-AF6EE40F","high"
"TCK-7314F7F879","ART-F03FBFE8","high"
"TCK-284A9943B8","ART-6BCECBC3","high"
"TCK-0FA6040AEA","ART-250E4219","high"
"TCK-B57CF11FC7","ART-753FF6F9","high"
"TCK-62F86A565A","ART-32D9279D","high"
"TCK-588C1907FB","ART-E378315D","high"
"TCK-967F94EF79","ART-E378315D","high"
"TCK-EC66158E8B","ART-5DF6C3FE","high"
"TCK-5110E4D6D0","ART-753FF6F9","high"
"TCK-126902800F","ART-00EBEDA6","high"
"TCK-821ECF1014","ART-A6F8609A","high"
"TCK-1B886E52A9","ART-307B9414","high"
"TCK-BC2677832B","ART-AC8C1122","high"
"TCK-959D64017D","ART-3DCED2AD","high"
"TCK-17D668D137","ART-3D802D4E","high"
"TCK-5F06A44630","ART-E7555904","high"
"TCK-F51FCA6C51","ART-28722E0F","high"
"TCK-16B52B6769","ART-1078053D","high"
"TCK-9C2D80EE57","ART-062BC201","high"
"TCK-5D50BF410D","ART-5492B28C","high"
"TCK-F7962F2A2C","ART-42FF12ED","high"
"TCK-624C8D12BB","ART-DD6049CE","high"
"TCK-2DA2136D80","ART-4A35DCFE","high"
"TCK-1E78068F02","ART-5DF6C3FE","high"
"TCK-584F7E76F5","ART-57251ED0","high"
"TCK-A7B08A1525","ART-0D261E6C","high"
"TCK-33CA543300","ART-1BE32326","high"
"TCK-59DA68F4B3","ART-133ABF10","high"
"TCK-AC138E1629","ART-E378315D","high"
"TCK-BB513980B0","ART-4E99B6C4","high"
"TCK-8791152AF8","ART-DF333CC1","high"
"TCK-7803FEEA48","ART-DD6049CE","high"
"TCK-9AC113621F","ART-690F2CCC","high"
"TCK-C7D46DC3A5","ART-6BCECBC3","high"
"TCK-399AFD96B3","ART-062BC201","high"
"TCK-E805293876","ART-0695E594","high"
"TCK-B25B661B71","ART-CE5AB01A","high"
"TCK-D415FE4B31","ART-7E307077","high"
"TCK-28CE70B6C0","ART-614BE463","high"
"TCK-63651363AE","ART-F6ADC65F","high"
"TCK-05357786FD","ART-92C2F213","high"
"TCK-683B351698","ART-5FC8D736","high"
"TCK-A391326F98","ART-88BE5565","high"
"TCK-62CCAC957B","ART-36D98801","high"
"TCK-BBE4FA1803","ART-56D97CE5","high"
"TCK-7A16028DE2","ART-A36127C2","high"
"TCK-E40C350077","ART-87C7B85B","high"
"TCK-F41ED22CF0","ART-307B9414","high"
"TCK-63DD8CD4C9","ART-707AE889","high"
"TCK-B06E327C5E","ART-09F20E37","high"
"TCK-8B95D66483","ART-81C07636","high"
"TCK-DC521070D1","ART-753FF6F9","high"
"TCK-6BD0241ECE","ART-BF7787C4","high"
"TCK-12FF4ACB1F","ART-062BC201","high"
"TCK-6A8B74F5C5","ART-36D98801","high"
"TCK-B1DBF35508","ART-DF333CC1","high"
"TCK-64BB91C47F","ART-690F2CCC","high"
"TCK-E4F5F07821","ART-57251ED0","high"
"TCK-07E36FB8AC","ART-56D97CE5","high"
"TCK-4E116257E1","ART-B602DD4B","high"
"TCK-14AB79BA0D","ART-F55EE56F","high"
"TCK-7E7497DE33","ART-AF6EE40F","high"
"TCK-DC51D3C716","ART-753FF6F9","high"
"TCK-B54EE6733C","ART-4E99B6C4","high"
"TCK-8A6640D375","ART-36D98801","high"
"TCK-F0B0154640","ART-EA8917E0","high"
"TCK-290E3A35B9","ART-1BE32326","high"
"TCK-FC3542C11D","ART-50619C06","high"
"TCK-0B0CDD6D27","ART-133ABF10","high"
"TCK-FA1E4BD07F","ART-88BE5565","high"
"TCK-9499757FA2","ART-C37EBE7A","high"
"TCK-0DBF80D50E","ART-C37EBE7A","high"
"TCK-0BC1C018E0","ART-F6ADC65F","high"
"TCK-ED25478207","ART-28722E0F","high"
"TCK-DBE4EBEE39","ART-247FFA7D","high"
"TCK-F5A4910477","ART-3D802D4E","high"
"TCK-BF0D8458B0","ART-707AE889","high"
"TCK-8879A1CD04","ART-00EBEDA6","high"
"TCK-93818EC6DD","ART-DD6049CE","high"
"TCK-17419D25D2","ART-2E986668","high"
"TCK-9D1A131498","ART-EA8917E0","high"
"TCK-A00AC735DF","ART-32D9279D","high"
"TCK-240226D629","ART-32D9279D","high"
"TCK-4A4537E206","ART-E378315D","high"
"TCK-3C1B36F480","ART-32D9279D","high"
"TCK-F8B604A450","ART-32D9279D","high"
"TCK-89BB8EB8A0","ART-8FBA62D5","high"
"TCK-F7995D9B96","ART-E378315D","high"
"TCK-3F7F56B7FF","ART-0695E594","high"
"TCK-EB0413DD7D","ART-307B9414","high"
"TCK-3062C7548D","ART-247FFA7D","high"
"TCK-6121739DBD","ART-500B760B","high"
"TCK-3E09C8BB70","ART-E7555904","high"
"TCK-FD4FC032F7","ART-250E4219","high"
"TCK-C8F660D686","ART-5492B28C","high"
"TCK-30981E5FA4","ART-2380231D","high"
"TCK-E71B8FC5A5","ART-6BCECBC3","high"
"TCK-34F8F66577","ART-133ABF10","high"
"TCK-4733917516","ART-AC8C1122","high"
"TCK-B044E9E27C","ART-A3BC31B6","high"
"TCK-43F595B94E","ART-5DC5112C","high"
"TCK-EE9E348902","ART-062BC201","high"
"TCK-70684C60DA","ART-B3E1FC82","high"
"TCK-BD0832B7FF","ART-4E99B6C4","high"
"TCK-4F00846328","ART-5FC8D736","high"
"TCK-82AD026C3E","ART-56D97CE5","high"
"TCK-FA6A976977","ART-32D9279D","high"
"TCK-25C009A33C","ART-32D9279D","high"
"TCK-DF3F080022","ART-3474AC9F","high"
"TCK-12A6FBD9F0","ART-50619C06","high"
"TCK-194D82C3DF","ART-DF333CC1","high"
"TCK-D1BE2E6BF9","ART-00EBEDA6","high"
"TCK-A96744CEC8","ART-6BCECBC3","high"
"TCK-F028A14BB8","ART-CE5AB01A","high"
"TCK-22B06452FA","ART-56D97CE5","high"
"TCK-D59AC5ED0D","ART-6BCECBC3","high"
"TCK-4F3902ACAC","ART-DF333CC1","high"
"TCK-D38B160E2F","ART-50619C06","high"
"TCK-AE0274C091","ART-614BE463","high"
"TCK-884960801C","ART-82A02300","high"
"TCK-2E9AD72F04","ART-18BF0274","high"
"TCK-0E3B79F08D","ART-F03FBFE8","high"
"TCK-2C56D628EE","ART-DA566855","high"
"TCK-782442DD7C","ART-690F2CCC","high"
"TCK-9990346D88","ART-DA566855","high"
"TCK-CF926AA34E","ART-50619C06","high"
"TCK-B7F9AEBE96","ART-B602DD4B","high"
"TCK-EE11A3A3E4","ART-500B760B","high"
"TCK-0B6C932932","ART-0D261E6C","high"
"TCK-96AFF1EED6","ART-D82A809A","high"
"TCK-D250DBAF9B","ART-4E99B6C4","high"
"TCK-B6517D9EAE","ART-1BE32326","high"
"TCK-601DBB55E4","ART-2E986668","high"
"TCK-8FE8DE7A8D","ART-09F20E37","high"
"TCK-FEE144AB56","ART-4E99B6C4","high"
"TCK-139770F5E4","ART-062BC201","high"
"TCK-43E1E1285A","ART-1078053D","high"
"TCK-B8385D4036","ART-8FBA62D5","high"
"TCK-B1AF0DEBFD","ART-753FF6F9","high"
"TCK-4CAE93A570","ART-00EBEDA6","high"
"TCK-CD77BD904B","ART-4E99B6C4","high"
"TCK-8B867F7F79","ART-AE43BC26","high"
"TCK-AC47FE373E","ART-32D9279D","high"
"TCK-F5CFE62C20","ART-AF6EE40F","high"
"TCK-832E4B0240","ART-A3BC31B6","high"
"TCK-54408FF317","ART-5DC5112C","high"
"TCK-1710D6DFD2","ART-3474AC9F","high"
"TCK-BCD662F99E","ART-E378315D","high"
"TCK-37BA2E240F","ART-5DC5112C","high"
"TCK-5E8F3A8C3B","ART-18BF0274","high"
"TCK-01AA2B1CF9","ART-FFA6BF4E","high"
"TCK-B3431DC082","ART-FFA6BF4E","high"
"TCK-BB5446B371","ART-46839B05","high"
"TCK-EAD33AE615","ART-3474AC9F","high"
"TCK-1DDE9B81AF","ART-E7555904","high"
"TCK-86B884FF6D","ART-5DC5112C","high"
"TCK-589D1C79A0","ART-3D802D4E","high"
"TCK-A3831C5A8F","ART-56D97CE5","high"
"TCK-D040A4D146","ART-4A35DCFE","high"
"TCK-0A1901CA0E","ART-062BC201","high"
"TCK-9274DBAFF3","ART-F03FBFE8","high"
"TCK-6D627EE2EB","ART-FFA6BF4E","high"
"TCK-7AE65B11CC","ART-707AE889","high"
"TCK-E2D0B0DBC2","ART-88BE5565","high"
"TCK-E8DEC7DBB5","ART-5FC8D736","high"
"TCK-092C018AA0","ART-753FF6F9","high"
"TCK-4AF4589005","ART-F6ADC65F","high"
"TCK-7EE976E8B2","ART-F55EE56F","high"
"TCK-9596ABF116","ART-92C2F213","high"
"TCK-8B94AD2D1C","ART-88BE5565","high"
"TCK-8BEEF3D101","ART-DD6049CE","high"
"TCK-829116F5C9","ART-56D97CE5","high"
"TCK-227B3F19DA","ART-B3E1FC82","high"
"TCK-6C62502C54","ART-DA566855","high"
"TCK-A8316D7DF3","ART-E378315D","high"
"TCK-1520E2EE83","ART-DA566855","high"
"TCK-DB072C98CD","ART-DD6049CE","high"
"TCK-B31F2904D0","ART-D82A809A","high"
"TCK-0CCD9998B6","ART-56D97CE5","high"
"TCK-20F1D2C3C4","ART-F55EE56F","high"
"TCK-54E18C167B","ART-82A02300","high"
"TCK-EF9F51B780","ART-5492B28C","high"
"TCK-A8927FE7B7","ART-56D97CE5","high"
"TCK-01170FE4AE","ART-82A02300","high"
"TCK-111105C1C4","ART-3474AC9F","high"
"TCK-D86125167B","ART-DD6049CE","high"
"TCK-0B04C9F6EC","ART-57251ED0","high"
"TCK-EA0EB7F578","ART-57251ED0","high"
"TCK-21E437CFCE","ART-A3BC31B6","high"
"TCK-E3BDEFA9AF","ART-D82A809A","high"
"TCK-D8D5C9DB66","ART-1BE32326","high"
"TCK-FEEB64D10D","ART-B602DD4B","high"
"TCK-94B452A5B0","ART-0D261E6C","high"
"TCK-9218AC8C93","ART-3DCED2AD","high"
"TCK-D80E8DE0AF","ART-680D0797","high"
"TCK-5BC847896A","ART-500B760B","high"
"TCK-800A6FAAA6","ART-C37EBE7A","high"
"TCK-13B6FE4EB9","ART-AE43BC26","high"
"TCK-B478636E9C","ART-4A35DCFE","high"
"TCK-AB0828EA03","ART-680D0797","high"
"TCK-176C4CA39B","ART-680D0797","high"
"TCK-FC5ED4A000","ART-9FBB7E07","high"
"TCK-0F8F8F36EF","ART-6C6DA1B5","high"
"TCK-F76D85338B","ART-A36127C2","high"
"TCK-1789E27ED4","ART-B602DD4B","high"
"TCK-743B75E550","ART-AE43BC26","high"
"TCK-E15B880FAB","ART-DBAEB060","high"
"TCK-6CEDA89D7F","ART-B3E1FC82","high"
"TCK-0B75558FB9","ART-0695E594","high"
"TCK-988F732719","ART-BF7787C4","high"
"TCK-881B544CBD","ART-82A02300","high"
"TCK-4DDBBE8F6A","ART-E378315D","high"
"TCK-40AC3B011F","ART-3DCED2AD","high"
"TCK-16FD51C374","ART-30B97389","high"
"TCK-9009492B46","ART-1BE32326","high"
"TCK-5F5FEB36B5","ART-753FF6F9","high"
"TCK-3A27476FC4","ART-133ABF10","high"
"TCK-560A61D78B","ART-614BE463","high"
"TCK-89DA56EA12","ART-500B760B","high"
"TCK-BADA094FA8","ART-B3E1FC82","high"
"TCK-BF265FC296","ART-4A35DCFE","high"
"TCK-917C19C2AC","ART-0D261E6C","high"
"TCK-62A9D91938","ART-28847AFD","high"
"TCK-AFFB736059","ART-B3E1FC82","high"
"TCK-FD4A6CF385","ART-2E986668","high"
"TCK-4845B16ED6","ART-062BC201","high"
"TCK-F5F922E1BE","ART-6BCECBC3","high"
"TCK-0B8754824C","ART-28722E0F","high"
"TCK-3DC1B37982","ART-5FC8D736","high"
"TCK-9C9C5C0448","ART-4A35DCFE","high"
"TCK-5A6F4F3A94","ART-56D97CE5","high"
"TCK-1445BA111F","ART-F03FBFE8","high"
"TCK-9EAFFCC4C6","ART-E378315D","high"
"TCK-60E0CDE568","ART-81C07636","high"
"TCK-0A61EF63BB","ART-CE5AB01A","high"
"TCK-7224E1D8D7","ART-56D97CE5","high"
"TCK-A954721573","ART-CE5AB01A","high"
"TCK-6340DF078F","ART-C37EBE7A","high"
"TCK-BA54E5F2B5","ART-18BF0274","high"
"TCK-739672C833","ART-88BE5565","high"
"TCK-322361FD59","ART-8FBA62D5","high"
"TCK-D2A25C35B7","ART-753FF6F9","high"
"TCK-B3E1A1222A","ART-50619C06","high"
"TCK-6383DD8C3C","ART-09F20E37","high"
"TCK-D8EB303439","ART-A6F8609A","high"
"TCK-DC542599A0","ART-690F2CCC","high"
"TCK-EAD97080FC","ART-A3BC31B6","high"
"TCK-AEAEC78DC2","ART-B602DD4B","high"
"TCK-DAC3507BB6","ART-690F2CCC","high"
"TCK-32DAD1EC6B","ART-F55EE56F","high"
"TCK-F1FDFA2DA8","ART-1BE32326","high"
"TCK-2DC8D906B4","ART-36D98801","high"
"TCK-261F0B9224","ART-87C7B85B","high"
"TCK-1BF5EC6296","ART-DD6049CE","high"
"TCK-9990444190","ART-690F2CCC","high"
"TCK-A2B361B196","ART-DD6049CE","high"
"TCK-DF0DF79EFF","ART-A6F8609A","high"
"TCK-26AB3DCA21","ART-8FBA62D5","high"
"TCK-0AA79E3312","ART-DD6049CE","high"
"TCK-089C06BD2C","ART-8FBA62D5","high"
"TCK-CD4F69699E","ART-5DC5112C","high"
"TCK-2B71966EC4","ART-753FF6F9","high"
"TCK-2890F7394C","ART-82A02300","high"
"TCK-5C675EA93D","ART-50619C06","high"
"TCK-32E375D650","ART-2E986668","high"
"TCK-ACE0168EC6","ART-DD6049CE","high"
"TCK-980DDB3F78","ART-AE43BC26","high"
"TCK-D433BCFBB4","ART-28722E0F","high"
"TCK-2FBFF2C03B","ART-28847AFD","high"
"TCK-70F4AEF4BA","ART-CE5AB01A","high"
"TCK-D0FB4CFCD3","ART-46839B05","high"
"TCK-70B217B16B","ART-AF6EE40F","high"
"TCK-CE19A256B0","ART-500B760B","high"
"TCK-23595AB12F","ART-32D9279D","high"
"TCK-68BB20B33E","ART-F03FBFE8","high"
"TCK-6D07B8BC15","ART-247FFA7D","high"
"TCK-67F0935AED","ART-30B97389","high"
"TCK-0C30206669","ART-062BC201","high"
"TCK-163975788C","ART-690F2CCC","high"
"TCK-D8C5374141","ART-6BCECBC3","high"
"TCK-FF571B5088","ART-3D802D4E","high"
"TCK-4F501F2CB9","ART-DA566855","high"
"TCK-317F49B1F7","ART-50619C06","high"
"TCK-F4CB24B6A9","ART-0D261E6C","high"
"TCK-626B5CCB9E","ART-4A35DCFE","high"
"TCK-171189C4F6","ART-A3BC31B6","high"
"TCK-0473C71B5D","ART-5FC8D736","high"
"TCK-A076178ED7","ART-6C6DA1B5","high"
"TCK-24DF9F658C","ART-CE5AB01A","high"
"TCK-54EF4D6DFF","ART-5FC8D736","high"
"TCK-BE9086EC13","ART-AF6EE40F","high"
"TCK-3F89D37891","ART-0695E594","high"
"TCK-A41A364F8F","ART-247FFA7D","high"
"TCK-B48534664D","ART-1078053D","high"
"TCK-8BBCE18991","ART-50619C06","high"
"TCK-12BA924FAF","ART-18BF0274","high"
"TCK-A2FEB1E400","ART-30B97389","high"
"TCK-B8F1D1C1A3","ART-2E986668","high"
"TCK-7BE7D362AE","ART-690F2CCC","high"
"TCK-7E6733A404","ART-DD6049CE","high"
"TCK-977099A000","ART-690F2CCC","high"
"TCK-D011E0B016","ART-680D0797","high"
"TCK-D3FC3C23DB","ART-BF7787C4","high"
"TCK-F445C72F69","ART-D82A809A","high"
"TCK-2008F1EFDD","ART-8FBA62D5","high"
"TCK-BE07E8EB61","ART-5DF6C3FE","high"
"TCK-5DD09C2C06","ART-6C6DA1B5","high"
"TCK-49B3F545E5","ART-28722E0F","high"
"TCK-CD9D3F027B","ART-AC8C1122","high"
"TCK-8B9C354EBC","ART-0D261E6C","high"
"TCK-02A27EAACD","ART-A3BC31B6","high"
"TCK-2F30C55770","ART-5DC5112C","high"
"TCK-ADC68FED6A","ART-5DC5112C","high"
"TCK-B33CDBFB67","ART-18BF0274","high"
"TCK-612884988F","ART-9FBB7E07","high"
"TCK-367AA831A6","ART-E378315D","high"
"TCK-731A103D90","ART-3DCED2AD","high"
"TCK-6BBC1D45D9","ART-BF7787C4","high"
"TCK-C89A889183","ART-8FBA62D5","high"
"TCK-E0D8A8D0F3","ART-B602DD4B","high"
"TCK-6C2BB4EC26","ART-46839B05","high"
"TCK-C12649A35A","ART-614BE463","high"
"TCK-9A8E7C2E67","ART-BF7787C4","high"
"TCK-A6A885112E","ART-0D261E6C","high"
"TCK-031948443D","ART-A3BC31B6","high"
"TCK-A56E57E86E","ART-614BE463","high"
"TCK-6AF2706DD1","ART-5DC5112C","high"
"TCK-C72E07C5F1","ART-B602DD4B","high"
"TCK-BDF0972889","ART-32D9279D","high"
"TCK-824F9C8465","ART-18BF0274","high"
"TCK-6C829889ED","ART-AE43BC26","high"
"TCK-2F018D8C44","ART-E7555904","high"
"TCK-83874EF2C2","ART-690F2CCC","high"
"TCK-A6B69B2BC1","ART-E7555904","high"
"TCK-2DEC00F2BC","ART-500B760B","high"
"TCK-CAB0A14DAE","ART-133ABF10","high"
"TCK-522C75B32C","ART-4A35DCFE","high"
"TCK-A9D415BAB2","ART-DF333CC1","high"
"TCK-5D14BCB550","ART-5492B28C","high"
"TCK-28C91F7E4E","ART-5DC5112C","high"
"TCK-0713CD8915","ART-81C07636","high"
"TCK-914862A2EA","ART-36D98801","high"
"TCK-AE2D1B2935","ART-00EBEDA6","high"
"TCK-F2499F7E2C","ART-614BE463","high"
"TCK-59431DE8C4","ART-A36127C2","high"
"TCK-69C7BB80A3","ART-DBAEB060","high"
"TCK-FA1EA67630","ART-87C7B85B","high"
"TCK-7964184D5B","ART-753FF6F9","high"
"TCK-66C79779EC","ART-0695E594","high"
"TCK-0B65765DF1","ART-3D802D4E","high"
"TCK-E0DEF04FDA","ART-DBAEB060","high"
"TCK-7D74F81F7C","ART-DD6049CE","high"
"TCK-C24929AD5F","ART-690F2CCC","high"
"TCK-C0A9CA6EFB","ART-28722E0F","high"
"TCK-87E0FCCAD9","ART-92C2F213","high"
"TCK-ADADF95413","ART-6BCECBC3","high"
"TCK-A55B775D98","ART-4E99B6C4","high"
"TCK-D584AC1DB9","ART-81C07636","high"
"TCK-51A08D4D19","ART-5DC5112C","high"
"TCK-E955DBD54C","ART-18BF0274","high"
"TCK-7B59C612C0","ART-AF6EE40F","high"
"TCK-A15DBA4962","ART-707AE889","high"
"TCK-54FF7C6691","ART-42FF12ED","high"
"TCK-0F1DFC27CF","ART-87C7B85B","high"
"TCK-B24C795D75","ART-88BE5565","high"
"TCK-86AE003718","ART-56D97CE5","high"
"TCK-63DE3B9C75","ART-92C2F213","high"
"TCK-4ACC780428","ART-AC8C1122","high"
"TCK-914744F61F","ART-690F2CCC","high"
"TCK-A04D65C6E1","ART-F6ADC65F","high"
"TCK-284BF27094","ART-36D98801","high"
"TCK-190CEDC483","ART-CE5AB01A","high"
"TCK-02FB28DADB","ART-247FFA7D","high"
"TCK-3986310A42","ART-5DF6C3FE","high"
"TCK-6CC8F4C01E","ART-500B760B","high"
"TCK-DBE0E2E2EF","ART-DA566855","high"
"TCK-8EFD2C3CC7","ART-3DCED2AD","high"
"TCK-C1B9365356","ART-8FBA62D5","high"
"TCK-7363F580AB","ART-DA566855","high"
"TCK-F542E2CC26","ART-A6F8609A","high"
"TCK-9FA1FBA421","ART-AF6EE40F","high"
"TCK-0C287C1557","ART-3D802D4E","high"
"TCK-7D0388A522","ART-DA566855","high"
"TCK-661E72A1FD","ART-DBAEB060","high"
"TCK-A471C5169A","ART-36D98801","high"
"TCK-CE3115D9DB","ART-E7555904","high"
"TCK-96E37B4736","ART-4A35DCFE","high"
"TCK-B4A5FAF57A","ART-A6F8609A","high"
"TCK-1697EC1743","ART-42FF12ED","high"
"TCK-583EC97366","ART-690F2CCC","high"
"TCK-892EB8DBD8","ART-BF7787C4","high"
"TCK-DF59BF9632","ART-F6ADC65F","high"
"TCK-DAA180519A","ART-30B97389","high"
"TCK-973DBF5B92","ART-D82A809A","high"
"TCK-00D19F3CA7","ART-250E4219","high"
"TCK-16F121C3CF","ART-8FBA62D5","high"
"TCK-AD62B6D99B","ART-307B9414","high"
"TCK-94FDF62C93","ART-DBAEB060","high"
"TCK-74253F85C4","ART-00EBEDA6","high"
"TCK-F671B2A926","ART-250E4219","high"
"TCK-E1BD8D745C","ART-1078053D","high"
"TCK-23EAE6CBFE","ART-57251ED0","high"
"TCK-D50B0FE501","ART-AE43BC26","high"
"TCK-5C16DA702B","ART-2E986668","high"
"TCK-A1EA478072","ART-307B9414","high"
"TCK-8A45CFCC72","ART-42FF12ED","high"
"TCK-D223758F56","ART-DBAEB060","high"
"TCK-6317978EF6","ART-E7555904","high"
"TCK-3D67987C4F","ART-46839B05","high"
"TCK-FCB3A720E9","ART-500B760B","high"
"TCK-48232C39FB","ART-50619C06","high"
"TCK-8AD8D9CA65","ART-2E986668","high"
"TCK-9D0F51C7FF","ART-500B760B","high"
"TCK-5A3BA3ECAF","ART-1BE32326","high"
"TCK-DA8BAB8908","ART-DD6049CE","high"
"TCK-BE66F6CF8B","ART-DA566855","high"
"TCK-D2BF09468F","ART-EA8917E0","high"
"TCK-114BCFFA30","ART-E378315D","high"
"TCK-761049D5B1","ART-250E4219","high"
"TCK-289DA9E201","ART-F6ADC65F","high"
"TCK-80C355AE36","ART-D82A809A","high"
"TCK-FD67A0A632","ART-F03FBFE8","high"
"TCK-1426806EC7","ART-DD6049CE","high"
"TCK-2CC493D4C3","ART-0D261E6C","high"
"TCK-BE7123C02B","ART-AE43BC26","high"
"TCK-10C1FF1E0F","ART-92C2F213","high"
"TCK-C9E1D4220C","ART-5FC8D736","high"
"TCK-A5DAAB9F4D","ART-1BE32326","high"
"TCK-451C0FDF6F","ART-6BCECBC3","high"
"TCK-AA9C8480A9","ART-DBAEB060","high"
"TCK-7789AB62A1","ART-00EBEDA6","high"
"TCK-F4D1AD138A","ART-EA8917E0","high"
"TCK-93EEFB3CB6","ART-307B9414","high"
"TCK-05DBBC37E8","ART-AE43BC26","high"
"TCK-4C27118DFF","ART-DBAEB060","high"
"TCK-B4EE622B60","ART-6BCECBC3","high"
"TCK-64A2B9B3F3","ART-E7555904","high"
"TCK-B5553D8F06","ART-57251ED0","high"
"TCK-E8A2909C3D","ART-A36127C2","high"
"TCK-9EA940AFB4","ART-247FFA7D","high"
"TCK-AD684F918B","ART-87C7B85B","high"
"TCK-DD7011F9E8","ART-A36127C2","high"
"TCK-082792C1B6","ART-BF7787C4","high"
"TCK-949639322D","ART-3D802D4E","high"
"TCK-66FDAE6D4C","ART-09F20E37","high"
"TCK-5A39BA897C","ART-707AE889","high"
"TCK-2F10DCAC31","ART-32D9279D","high"
"TCK-FE39EF0F58","ART-32D9279D","high"
"TCK-24F9CBA1FC","ART-0D261E6C","high"
"TCK-9231E3DA0F","ART-C37EBE7A","high"
"TCK-EBA7133EF5","ART-32D9279D","high"
"TCK-F1F0F6FAF8","ART-00EBEDA6","high"
"TCK-1B2DC7DE43","ART-690F2CCC","high"
"TCK-92F6BAEA86","ART-753FF6F9","high"
"TCK-42B04CF59A","ART-0D261E6C","high"
"TCK-920A806115","ART-56D97CE5","high"
"TCK-5909E67738","ART-32D9279D","high"
"TCK-3B2AB58C3C","ART-5DF6C3FE","high"
"TCK-8AAF0DC799","ART-DBAEB060","high"
"TCK-9C282A39CB","ART-C37EBE7A","high"
"TCK-A2D7ACB090","ART-57251ED0","high"
"TCK-4E41075A27","ART-AC8C1122","high"
"TCK-20734DFB5A","ART-D82A809A","high"
"TCK-10A3876639","ART-E378315D","high"
"TCK-45B24BD9D2","ART-32D9279D","high"
"TCK-AC4C0A6F21","ART-FFA6BF4E","high"
"TCK-931159A4D1","ART-500B760B","high"
"TCK-C45BFAFAB1","ART-18BF0274","high"
"TCK-8BA6F3FB7D","ART-307B9414","high"
"TCK-EE3EA5FCEC","ART-AC8C1122","high"
"TCK-68587D2D4B","ART-42FF12ED","high"
"TCK-5DFC855A20","ART-5DC5112C","high"
"TCK-5AFFCC047A","ART-BF7787C4","high"
"TCK-AA18ADA984","ART-614BE463","high"
"TCK-B3F976B54C","ART-7E307077","high"
"TCK-835C875577","ART-4E99B6C4","high"
"TCK-3AB0DDE6D1","ART-1078053D","high"
"TCK-46982A3167","ART-3DCED2AD","high"
"TCK-B050DE92F0","ART-30B97389","high"
"TCK-D9B1769C0A","ART-5FC8D736","high"
"TCK-E262F434A8","ART-6BCECBC3","high"
"TCK-725B3E50EA","ART-A36127C2","high"
"TCK-9BD10F665A","ART-500B760B","high"
"TCK-0F7D5592A9","ART-AE43BC26","high"
"TCK-DD25548B1B","ART-9FBB7E07","high"
"TCK-7E2D193C3A","ART-7E307077","high"
"TCK-4704FF777A","ART-5FC8D736","high"
"TCK-D1B44F8F12","ART-87C7B85B","high"
"TCK-409DFA2781","ART-5DC5112C","high"
"TCK-21B6EA5EA3","ART-133ABF10","high"
"TCK-B74962B3FD","ART-57251ED0","high"
"TCK-D34175FFF4","ART-F03FBFE8","mid"
"TCK-525B35AAD2","ART-50619C06","mid"
"TCK-33207152DE","ART-18BF0274","mid"
"TCK-141C93CF87","ART-88BE5565","mid"
"TCK-6EE294EB87","ART-753FF6F9","mid"
"TCK-81B0B01812","ART-AE43BC26","mid"
"TCK-3E58C0BCF7","ART-5FC8D736","mid"
"TCK-359D008183","ART-56D97CE5","mid"
"TCK-07250DD6D5","ART-D82A809A","mid"
"TCK-B0B8AC0348","ART-3474AC9F","mid"
"TCK-07A6806316","ART-D82A809A","mid"
"TCK-09B4AAA318","ART-6C6DA1B5","mid"
"TCK-8AD599FB67","ART-614BE463","mid"
"TCK-10DF3109F9","ART-88BE5565","mid"
"TCK-86DD549AB3","ART-E7555904","mid"
"TCK-339C81564F","ART-5492B28C","mid"
"TCK-593821DC66","ART-5DF6C3FE","mid"
"TCK-1C505A7836","ART-8FBA62D5","mid"
"TCK-8BF16C2BF0","ART-8FBA62D5","mid"
"TCK-D5F80DEFA7","ART-CE5AB01A","mid"
"TCK-CCD4D59B72","ART-DBAEB060","mid"
"TCK-D3EB1A7525","ART-250E4219","mid"
"TCK-0D19908A18","ART-0695E594","mid"
"TCK-5DDFEC3138","ART-A36127C2","mid"
"TCK-A12CF5D06E","ART-50619C06","mid"
"TCK-C21A4D00FB","ART-F6ADC65F","mid"
"TCK-1165E23AA9","ART-DD6049CE","mid"
"TCK-F09B304F07","ART-690F2CCC","mid"
"TCK-22925BE2FE","ART-5FC8D736","mid"
"TCK-1FB486C293","ART-DD6049CE","mid"
"TCK-7320C4CD67","ART-1BE32326","mid"
"TCK-1D22F422E8","ART-56D97CE5","mid"
"TCK-CC5DC87A43","ART-92C2F213","mid"
"TCK-1B48B57DD4","ART-1078053D","mid"
"TCK-2A0C4393AF","ART-0D261E6C","mid"
"TCK-D6EB7E0871","ART-A36127C2","mid"
"TCK-326062E6C8","ART-3D802D4E","mid"
"TCK-1CF83C9E25","ART-AE43BC26","mid"
"TCK-54D48871CC","ART-3DCED2AD","mid"
"TCK-76C9CAED89","ART-32D9279D","mid"
"TCK-8B9B4E50EA","ART-0D261E6C","mid"
"TCK-48583BA1D0","ART-DA566855","mid"
"TCK-9EE915FCCE","ART-307B9414","mid"
"TCK-1EAA9A35BA","ART-D82A809A","mid"
"TCK-6A293F6D3C","ART-81C07636","mid"
"TCK-6B8FA8BEE6","ART-5DC5112C","mid"
"TCK-D876F8C2D1","ART-42FF12ED","mid"
"TCK-E1F0881DE5","ART-81C07636","mid"
"TCK-FCD1E09548","ART-A36127C2","mid"
"TCK-6C055130A9","ART-28722E0F","mid"
"TCK-59AF92E54B","ART-81C07636","mid"
"TCK-2CC3012DDC","ART-5DC5112C","mid"
"TCK-B248F3C204","ART-2380231D","mid"
"TCK-711915211D","ART-0D261E6C","mid"
"TCK-8CF2C4FFB6","ART-AC8C1122","mid"
"TCK-4A33731DF0","ART-CE5AB01A","mid"
"TCK-8DDF665223","ART-81C07636","mid"
"TCK-018A9F57AE","ART-3D802D4E","mid"
"TCK-6CFC49D0E9","ART-500B760B","mid"
"TCK-4730766051","ART-690F2CCC","mid"
"TCK-A81E13D1E7","ART-250E4219","mid"
"TCK-6B310A7721","ART-250E4219","mid"
"TCK-A74495B8CB","ART-5FC8D736","mid"
"TCK-52786FC0A6","ART-42FF12ED","mid"
"TCK-55026D6617","ART-56D97CE5","mid"
"TCK-BCCFE536F6","ART-28847AFD","mid"
"TCK-EFEBD00B5C","ART-5FC8D736","mid"
"TCK-6BBFE7BBC9","ART-307B9414","mid"
"TCK-FD3879F298","ART-6BCECBC3","mid"
"TCK-5DCCFDBA65","ART-92C2F213","mid"
"TCK-24754B4DCA","ART-062BC201","mid"
"TCK-736D83CA52","ART-E378315D","mid"
"TCK-4AF11F3F43","ART-DF333CC1","mid"
"TCK-E150FF903F","ART-5FC8D736","mid"
"TCK-5431316B30","ART-81C07636","mid"
"TCK-45ABF01941","ART-4E99B6C4","mid"
"TCK-E4B1D9544D","ART-4E99B6C4","mid"
"TCK-41332A7126","ART-C37EBE7A","mid"
"TCK-75F65BDA92","ART-D82A809A","mid"
"TCK-89652CBB18","ART-A6F8609A","mid"
"TCK-5FAC5F54E5","ART-46839B05","mid"
"TCK-75CECDBA8A","ART-F03FBFE8","mid"
"TCK-DA6436766E","ART-DA566855","mid"
"TCK-950CF9A8CB","ART-C37EBE7A","mid"
"TCK-2F981A18BB","ART-F03FBFE8","mid"
"TCK-6F34E468CF","ART-4A35DCFE","mid"
"TCK-99D1436F5D","ART-0695E594","mid"
"TCK-81ADEC05EA","ART-FFA6BF4E","mid"
"TCK-713BAEA671","ART-1BE32326","mid"
"TCK-C2AC8A3B5D","ART-00EBEDA6","mid"
"TCK-A08B0709FE","ART-EA8917E0","mid"
"TCK-656E799050","ART-0695E594","mid"
"TCK-FF7E152E76","ART-690F2CCC","mid"
"TCK-B8A8442776","ART-6C6DA1B5","mid"
"TCK-BFC01A1905","ART-E7555904","mid"
"TCK-6D70F6C1F8","ART-E7555904","mid"
"TCK-9CD4C9F681","ART-B602DD4B","mid"
"TCK-218DF359AE","ART-DF333CC1","mid"
"TCK-F9D25BCB9E","ART-50619C06","mid"
"TCK-087D7695A9","ART-32D9279D","mid"
"TCK-E9F7D289A5","ART-1078053D","mid"
"TCK-6861AC0D30","ART-8FBA62D5","mid"
"TCK-92B2D06F03","ART-707AE889","mid"
"TCK-33952352D1","ART-6BCECBC3","mid"
"TCK-65A4273943","ART-753FF6F9","mid"
"TCK-FD088311E1","ART-DD6049CE","mid"
"TCK-4F872103E2","ART-AF6EE40F","mid"
"TCK-115026CA94","ART-DD6049CE","mid"
"TCK-9C703F108A","ART-30B97389","mid"
"TCK-33492F4E82","ART-87C7B85B","mid"
"TCK-43EA8FA401","ART-307B9414","mid"
"TCK-9FA9966B88","ART-1078053D","mid"
"TCK-1194C3305B","ART-7E307077","mid"
"TCK-24361850D6","ART-DBAEB060","mid"
"TCK-C974F66531","ART-247FFA7D","mid"
"TCK-4C365E8FFE","ART-614BE463","mid"
"TCK-597B8AABD1","ART-F55EE56F","mid"
"TCK-DD6E7B6A16","ART-9FBB7E07","mid"
"TCK-1E2E8F86FE","ART-680D0797","mid"
"TCK-E0B799976F","ART-AC8C1122","mid"
"TCK-05E4B2D11B","ART-500B760B","mid"
"TCK-B1F76B9AE0","ART-680D0797","mid"
"TCK-EA77C53C67","ART-F55EE56F","mid"
"TCK-1418D9FED9","ART-50619C06","mid"
"TCK-8125B33FF8","ART-3474AC9F","mid"
"TCK-FFA395254D","ART-EA8917E0","mid"
"TCK-FBB62E22DE","ART-57251ED0","mid"
"TCK-6A6896ABB5","ART-1BE32326","mid"
"TCK-093C840EA8","ART-DBAEB060","mid"
"TCK-684FBF5EA6","ART-9FBB7E07","mid"
"TCK-B1F5FDAF73","ART-5492B28C","mid"
"TCK-002C1B4350","ART-82A02300","mid"
"TCK-AB8764CE15","ART-5FC8D736","mid"
"TCK-1381B4EB53","ART-EA8917E0","mid"
"TCK-6B802C4B39","ART-AF6EE40F","mid"
"TCK-FD4C6BA16C","ART-57251ED0","mid"
"TCK-A28C117A5E","ART-5DC5112C","mid"
"TCK-18688370BB","ART-30B97389","mid"
"TCK-F1A3B1BBB6","ART-5FC8D736","mid"
"TCK-2D61E1185B","ART-A36127C2","mid"
"TCK-2683A94E34","ART-0695E594","mid"
"TCK-ECEA2E5EE3","ART-753FF6F9","mid"
"TCK-16EB07D388","ART-36D98801","mid"
"TCK-71F64D7A81","ART-DD6049CE","mid"
"TCK-88A5BAF930","ART-87C7B85B","mid"
"TCK-68FDAD58C4","ART-A6F8609A","mid"
"TCK-8C65D5318B","ART-F6ADC65F","mid"
"TCK-F39376CBEE","ART-3DCED2AD","mid"
"TCK-9AD935899B","ART-707AE889","mid"
"TCK-6EF4071063","ART-753FF6F9","mid"
"TCK-0F6F78F312","ART-F03FBFE8","mid"
"TCK-A554AE63DE","ART-6C6DA1B5","mid"
"TCK-E694BA6C51","ART-680D0797","mid"
"TCK-CDD4995C15","ART-5492B28C","mid"
"TCK-604E894661","ART-680D0797","mid"
"TCK-BBE07EFF85","ART-500B760B","mid"
"TCK-087AE3BDA0","ART-B602DD4B","mid"
"TCK-90B6A2F14A","ART-4E99B6C4","mid"
"TCK-CA58471BF5","ART-0695E594","mid"
"TCK-5D70C6DCC8","ART-133ABF10","mid"
"TCK-176143C060","ART-09F20E37","mid"
"TCK-78C4E293CF","ART-4A35DCFE","mid"
"TCK-57D4E048BD","ART-3474AC9F","mid"
"TCK-001243ADD2","ART-7E307077","mid"
"TCK-89D62F6272","ART-AF6EE40F","mid"
"TCK-731F4BF143","ART-3DCED2AD","mid"
"TCK-14136A22F6","ART-DD6049CE","mid"
"TCK-AB73D550CF","ART-A36127C2","mid"
"TCK-58FDE25E0F","ART-0D261E6C","mid"
"TCK-A3EE32D6D0","ART-2380231D","mid"
"TCK-E98152EB74","ART-D82A809A","mid"
"TCK-8273103D3E","ART-5FC8D736","mid"
"TCK-6359706BB2","ART-32D9279D","mid"
"TCK-6FB7009D0F","ART-EA8917E0","mid"
"TCK-A37148D878","ART-A3BC31B6","mid"
"TCK-F63D3ADC2E","ART-81C07636","mid"
"TCK-923B4D6C43","ART-AE43BC26","mid"
"TCK-F0ED94783D","ART-500B760B","mid"
"TCK-2BBD786EEC","ART-DA566855","mid"
"TCK-AC9CDF7E80","ART-3474AC9F","mid"
"TCK-75F34CFF5A","ART-32D9279D","mid"
"TCK-53B576768A","ART-5FC8D736","mid"
"TCK-86EFC6FDAB","ART-F03FBFE8","mid"
"TCK-1A2916E8C8","ART-B602DD4B","mid"
"TCK-355090DDB5","ART-DA566855","mid"
"TCK-8D65CBA08D","ART-4E99B6C4","mid"
"TCK-5F0703F6E0","ART-30B97389","mid"
"TCK-87BACE6842","ART-680D0797","mid"
"TCK-13B24F6BA3","ART-AC8C1122","mid"
"TCK-8365404995","ART-C37EBE7A","mid"
"TCK-AD24D7E12A","ART-133ABF10","mid"
"TCK-68EBE1DBC6","ART-5FC8D736","mid"
"TCK-B9B731F5E6","ART-2380231D","mid"
"TCK-F4250FB340","ART-DBAEB060","mid"
"TCK-1E2D24251B","ART-062BC201","mid"
"TCK-53AED6D65E","ART-50619C06","mid"
"TCK-85E962D4AB","ART-BF7787C4","mid"
"TCK-E77D22F3E9","ART-DA566855","mid"
"TCK-9B4F344EBB","ART-1078053D","mid"
"TCK-4DAC043749","ART-6C6DA1B5","mid"
"TCK-0DFBB57855","ART-AF6EE40F","mid"
"TCK-EDC36FB701","ART-28722E0F","mid"
"TCK-53314524DE","ART-062BC201","mid"
"TCK-BBF08701D6","ART-09F20E37","mid"
"TCK-9C40DAD328","ART-F55EE56F","mid"
"TCK-C14251198D","ART-D82A809A","mid"
"TCK-C2658BBC6C","ART-36D98801","mid"
"TCK-0BC5F22B0C","ART-062BC201","mid"
"TCK-DA82123769","ART-28722E0F","mid"
"TCK-4C4D4CB4D2","ART-36D98801","mid"
"TCK-73AFD7770F","ART-3D802D4E","mid"
"TCK-0A1044DC68","ART-3474AC9F","mid"
"TCK-BB8DB30FA3","ART-753FF6F9","mid"
"TCK-FD16AE32EE","ART-09F20E37","mid"
"TCK-0A1CED9048","ART-A6F8609A","mid"
"TCK-F05F5028AE","ART-E378315D","mid"
"TCK-1BAB332985","ART-DBAEB060","mid"
"TCK-399323FBAC","ART-8FBA62D5","mid"
"TCK-E84EB4E4E8","ART-0695E594","mid"
"TCK-0D2FFFDB83","ART-32D9279D","mid"
"TCK-1661979F47","ART-307B9414","mid"
"TCK-C722FEAAD4","ART-1BE32326","mid"
"TCK-33ECEA3E74","ART-3DCED2AD","mid"
"TCK-479482E0D4","ART-4A35DCFE","mid"
"TCK-C2632B0616","ART-FFA6BF4E","mid"
"TCK-288A98C8DC","ART-09F20E37","mid"
"TCK-A8BA6FB79A","ART-C37EBE7A","mid"
"TCK-5725DD4817","ART-32D9279D","mid"
"TCK-A09904B146","ART-92C2F213","mid"
"TCK-2975F63957","ART-28847AFD","mid"
"TCK-C0B838E89C","ART-6C6DA1B5","mid"
"TCK-E0DE7FC230","ART-1078053D","mid"
"TCK-2B3EA7F18D","ART-0695E594","mid"
"TCK-348326C81D","ART-A6F8609A","mid"
"TCK-955537941F","ART-88BE5565","mid"
"TCK-14F9474B2A","ART-6C6DA1B5","mid"
"TCK-0C53339161","ART-28847AFD","mid"
"TCK-2BBB64F88E","ART-28722E0F","mid"
"TCK-FFA274D0B3","ART-DF333CC1","mid"
"TCK-2927BA6D01","ART-AE43BC26","mid"
"TCK-E4BA477E2F","ART-BF7787C4","mid"
"TCK-0B3E15E609","ART-4E99B6C4","mid"
"TCK-DB05A10352","ART-F55EE56F","mid"
"TCK-968723BC13","ART-50619C06","mid"
"TCK-1765E54BA3","ART-E378315D","mid"
"TCK-029A8D1B10","ART-18BF0274","mid"
"TCK-15089D6AC8","ART-AF6EE40F","mid"
"TCK-1C3F37C577","ART-88BE5565","mid"
"TCK-F404C16239","ART-A36127C2","mid"
"TCK-C46EF71F14","ART-FFA6BF4E","mid"
"TCK-FB4396C93A","ART-9FBB7E07","mid"
"TCK-337F06054E","ART-AF6EE40F","mid"
"TCK-C9AC22DC81","ART-6BCECBC3","mid"
"TCK-867345DDD8","ART-3474AC9F","mid"
"TCK-6CCA8DC91E","ART-B3E1FC82","mid"
"TCK-29AC6FC2C9","ART-680D0797","mid"
"TCK-AE3350D6E0","ART-FFA6BF4E","mid"
"TCK-25AE3D3B28","ART-57251ED0","mid"
"TCK-96105F8945","ART-DD6049CE","mid"
"TCK-C626F8DBFB","ART-42FF12ED","mid"
"TCK-7882DEE0AA","ART-E7555904","mid"
"TCK-BE4151B4A6","ART-B3E1FC82","mid"
"TCK-94E08659DC","ART-BF7787C4","mid"
"TCK-CECABDAB03","ART-8FBA62D5","mid"
"TCK-3B4993532E","ART-BF7787C4","mid"
"TCK-CD5110F4BC","ART-AC8C1122","mid"
"TCK-A49B32403D","ART-CE5AB01A","mid"
"TCK-EF695A6931","ART-1BE32326","mid"
"TCK-7B232E5861","ART-82A02300","mid"
"TCK-EA8D965BA1","ART-7E307077","mid"
"TCK-1F3F7145C0","ART-18BF0274","mid"
"TCK-365C89EB70","ART-09F20E37","mid"
"TCK-4E6B8843AE","ART-5DC5112C","mid"
"TCK-EF81872B1C","ART-133ABF10","mid"
"TCK-9222F7F3AE","ART-88BE5565","mid"
"TCK-BBAFD24E31","ART-B3E1FC82","mid"
"TCK-40757AA62B","ART-AF6EE40F","mid"
"TCK-949ECDACFB","ART-32D9279D","mid"
"TCK-4A891840F1","ART-680D0797","mid"
"TCK-074A1B9258","ART-3DCED2AD","mid"
"TCK-04A6BD74C7","ART-82A02300","mid"
"TCK-38C0D12798","ART-F03FBFE8","mid"
"TCK-1A037F4273","ART-28847AFD","mid"
"TCK-89B28404B4","ART-87C7B85B","mid"
"TCK-08434647FF","ART-5DF6C3FE","mid"
"TCK-02585A5887","ART-EA8917E0","mid"
"TCK-972EE385A1","ART-87C7B85B","mid"
"TCK-265B412B7D","ART-500B760B","mid"
"TCK-48BE818A9C","ART-0695E594","mid"
"TCK-9D96A2C262","ART-5DF6C3FE","mid"
"TCK-A166974156","ART-57251ED0","mid"
"TCK-9193484620","ART-92C2F213","mid"
"TCK-316EF89FE8","ART-5FC8D736","mid"
"TCK-EC30EC18B6","ART-680D0797","mid"
"TCK-B96FE98C77","ART-00EBEDA6","mid"
"TCK-DAB7DF5FE6","ART-753FF6F9","mid"
"TCK-1FDD358CA6","ART-6C6DA1B5","mid"
"TCK-218CFA005B","ART-AF6EE40F","mid"
"TCK-E4C560818A","ART-18BF0274","mid"
"TCK-A16EF16D8D","ART-2E986668","mid"
"TCK-DCF231205C","ART-DBAEB060","mid"
"TCK-6240439A66","ART-D82A809A","mid"
"TCK-CAE3EF68E8","ART-FFA6BF4E","mid"
"TCK-AAF559694B","ART-133ABF10","mid"
"TCK-741F9FEFB3","ART-6C6DA1B5","mid"
"TCK-B061DD3450","ART-1078053D","mid"
"TCK-1E4CCB85AD","ART-09F20E37","mid"
"TCK-D7E13F4F0D","ART-C37EBE7A","mid"
"TCK-B44E7756F4","ART-2E986668","mid"
"TCK-9ABEA5E33C","ART-5DC5112C","mid"
"TCK-9ABA1DF718","ART-0D261E6C","mid"
"TCK-B09F85EB65","ART-4E99B6C4","mid"
"TCK-C4267CFD7C","ART-AC8C1122","mid"
"TCK-215C427823","ART-09F20E37","mid"
"TCK-D3941B45AA","ART-A3BC31B6","mid"
"TCK-28205AD0B8","ART-0D261E6C","mid"
"TCK-D050CAC94E","ART-F6ADC65F","mid"
"TCK-7956E0C6EE","ART-CE5AB01A","mid"
"TCK-53B1B21848","ART-F55EE56F","mid"
"TCK-66341C28F2","ART-36D98801","mid"
"TCK-409E428810","ART-4A35DCFE","mid"
"TCK-81E4FC5A2E","ART-BF7787C4","mid"
"TCK-4E19C4A97A","ART-2380231D","mid"
"TCK-64D1FE6129","ART-92C2F213","mid"
"TCK-1AFCB7696C","ART-9FBB7E07","mid"
"TCK-80F7D0CE20","ART-57251ED0","mid"
"TCK-3B79D2C084","ART-5DC5112C","mid"
"TCK-F9BC5B8700","ART-28847AFD","mid"
"TCK-528A12C4F9","ART-30B97389","mid"
"TCK-4DDD3DA985","ART-88BE5565","mid"
"TCK-6AD4FE7998","ART-D82A809A","mid"
"TCK-33F47EBE0C","ART-3D802D4E","mid"
"TCK-1CBB34C878","ART-09F20E37","mid"
"TCK-AF15E28706","ART-09F20E37","mid"
"TCK-D0910AEFD0","ART-2E986668","mid"
"TCK-7662046F9C","ART-87C7B85B","mid"
"TCK-28F70D88DB","ART-4A35DCFE","mid"
"TCK-5669F71A20","ART-6BCECBC3","mid"
"TCK-8C476A3F97","ART-18BF0274","mid"
"TCK-7AA7A5BF6D","ART-3D802D4E","mid"
"TCK-FF0A46A071","ART-4A35DCFE","mid"
"TCK-04C954FF7B","ART-9FBB7E07","mid"
"TCK-8622AB870E","ART-E7555904","mid"
"TCK-7EA33BD362","ART-28847AFD","mid"
"TCK-91A0F203CB","ART-2380231D","mid"
"TCK-A8A88D5E38","ART-50619C06","mid"
"TCK-1498CD9560","ART-56D97CE5","mid"
"TCK-B6E9A5BD91","ART-6BCECBC3","mid"
"TCK-9E32A8C11F","ART-87C7B85B","mid"
"TCK-5D377CAA21","ART-28722E0F","mid"
"TCK-B3BE508ED1","ART-09F20E37","mid"
"TCK-1E03E81E40","ART-B602DD4B","mid"
"TCK-8BE8D8FF7F","ART-FFA6BF4E","mid"
"TCK-22D395808D","ART-E378315D","mid"
"TCK-FF52EAAB94","ART-28722E0F","mid"
"TCK-97E2A22B1F","ART-F55EE56F","mid"
"TCK-DDC6E3B2AE","ART-5FC8D736","mid"
"TCK-E394C974D9","ART-690F2CCC","mid"
"TCK-B30E651CF3","ART-42FF12ED","mid"
"TCK-0B65872846","ART-3474AC9F","mid"
"TCK-095AFBF9DC","ART-F6ADC65F","mid"
"TCK-F0EA7284D3","ART-3DCED2AD","mid"
"TCK-AC767E0874","ART-32D9279D","mid"
"TCK-A60D907135","ART-690F2CCC","mid"
"TCK-99CD1B1EA7","ART-707AE889","mid"
"TCK-61088B28DC","ART-9FBB7E07","mid"
"TCK-DD6B677DA2","ART-614BE463","mid"
"TCK-BA1303329F","ART-5DF6C3FE","mid"
"TCK-AEFE2647FE","ART-062BC201","mid"
"TCK-817EB335B4","ART-00EBEDA6","mid"
"TCK-A0196C744C","ART-AF6EE40F","mid"
"TCK-7CAFBE5DCB","ART-4E99B6C4","mid"
"TCK-59070965AD","ART-5DC5112C","mid"
"TCK-65113AD89F","ART-F55EE56F","mid"
"TCK-D65C2DB7B6","ART-1BE32326","mid"
"TCK-C85C9D416E","ART-6BCECBC3","mid"
"TCK-23CABB692D","ART-753FF6F9","mid"
"TCK-866E00F4CC","ART-30B97389","mid"
"TCK-11544DC41B","ART-247FFA7D","mid"
"TCK-74E2855B24","ART-09F20E37","mid"
"TCK-34944B8B9C","ART-250E4219","mid"
"TCK-6BD330021B","ART-42FF12ED","mid"
"TCK-9493EAEF1D","ART-AE43BC26","mid"
"TCK-C7C339E9B6","ART-87C7B85B","mid"
"TCK-2170AAD0C9","ART-1BE32326","mid"
"TCK-60605AAD2C","ART-2E986668","mid"
"TCK-6038491A1E","ART-B3E1FC82","mid"
"TCK-72A2A2FD33","ART-6BCECBC3","mid"
"TCK-8B1ACE5A8D","ART-DF333CC1","mid"
"TCK-F530713BC5","ART-56D97CE5","mid"
"TCK-C65CE27806","ART-247FFA7D","mid"
"TCK-FE285F2776","ART-307B9414","mid"
"TCK-49D582AFB4","ART-753FF6F9","mid"
"TCK-59BB64B206","ART-56D97CE5","mid"
"TCK-A38A68D47D","ART-247FFA7D","mid"
"TCK-96CECE29E9","ART-2380231D","mid"
"TCK-28E01CAB21","ART-8FBA62D5","mid"
"TCK-6B995DF7F8","ART-5DC5112C","mid"
"TCK-376F6A74CA","ART-307B9414","mid"
"TCK-E892753BEE","ART-307B9414","mid"
"TCK-D3A5510AEC","ART-4A35DCFE","mid"
"TCK-E35DCC3CDE","ART-DD6049CE","mid"
"TCK-2C31B47036","ART-F03FBFE8","mid"
"TCK-CF66ADCCDD","ART-7E307077","mid"
"TCK-08785972AE","ART-B3E1FC82","mid"
"TCK-BA1DA4F039","ART-8FBA62D5","mid"
"TCK-2AF4E0B058","ART-247FFA7D","mid"
"TCK-777BC40C62","ART-753FF6F9","mid"
"TCK-4FBE5B0980","ART-5FC8D736","mid"
"TCK-36C211D8AF","ART-AF6EE40F","mid"
"TCK-781254107D","ART-250E4219","mid"
"TCK-E7E18B60D4","ART-56D97CE5","mid"
"TCK-80AC78BA94","ART-88BE5565","mid"
"TCK-B39BC6602D","ART-EA8917E0","mid"
"TCK-D82260C89A","ART-09F20E37","mid"
"TCK-6C9943D312","ART-00EBEDA6","mid"
"TCK-78B31DD604","ART-EA8917E0","mid"
"TCK-71F220AC0A","ART-EA8917E0","mid"
"TCK-99C77D0B5C","ART-09F20E37","mid"
"TCK-16161D8470","ART-E378315D","mid"
"TCK-0D6FA3DDD8","ART-4E99B6C4","mid"
"TCK-7815BBD936","ART-09F20E37","mid"
"TCK-386BC634E4","ART-28722E0F","mid"
"TCK-7B7455A8FD","ART-4E99B6C4","mid"
"TCK-E88D0B9E2B","ART-82A02300","mid"
"TCK-76239D9D97","ART-4A35DCFE","mid"
"TCK-BF76591A0C","ART-FFA6BF4E","mid"
"TCK-22A5F2472D","ART-32D9279D","mid"
"TCK-18AA92C68D","ART-28847AFD","mid"
"TCK-57F156DC00","ART-A36127C2","mid"
"TCK-D79958A4C2","ART-FFA6BF4E","mid"
"TCK-4F7FE5FA29","ART-FFA6BF4E","mid"
"TCK-0CDB4EE895","ART-8FBA62D5","mid"
"TCK-F4EC88432D","ART-57251ED0","mid"
"TCK-14CD098F30","ART-5492B28C","mid"
"TCK-3C12600C8E","ART-500B760B","mid"
"TCK-7686F49434","ART-6C6DA1B5","mid"
"TCK-69E52D7EC2","ART-28847AFD","mid"
"TCK-1B54FC4797","ART-307B9414","mid"
"TCK-E8540AD56B","ART-B3E1FC82","mid"
"TCK-6AFAAA07D8","ART-56D97CE5","mid"
"TCK-6495BD0879","ART-2380231D","mid"
"TCK-C0521351EB","ART-18BF0274","mid"
"TCK-6C901EA329","ART-28722E0F","mid"
"TCK-CCF80BA0ED","ART-E378315D","mid"
"TCK-7AF7B2CB76","ART-5DC5112C","mid"
"TCK-7F153E9C7F","ART-00EBEDA6","mid"
"TCK-D7F6230B9A","ART-F03FBFE8","mid"
"TCK-E7B4117189","ART-DD6049CE","mid"
"TCK-5BFE883DA8","ART-2E986668","mid"
"TCK-D309285E1E","ART-5492B28C","mid"
"TCK-6978E0A796","ART-B602DD4B","mid"
"TCK-35256120FA","ART-36D98801","mid"
"TCK-3E3EFB2C9E","ART-753FF6F9","mid"
"TCK-A3D0B4531A","ART-133ABF10","mid"
"TCK-0A5A8C780D","ART-1078053D","mid"
"TCK-3C9E6DA88F","ART-DBAEB060","mid"
"TCK-3A65FEF8D7","ART-DF333CC1","mid"
"TCK-9AA40DFC1F","ART-56D97CE5","mid"
"TCK-56D913C6D5","ART-46839B05","mid"
"TCK-C40443A551","ART-3D802D4E","mid"
"TCK-9C5A69C2E7","ART-8FBA62D5","mid"
"TCK-39B8043224","ART-614BE463","mid"
"TCK-743D702DF4","ART-87C7B85B","mid"
"TCK-6AE1F9E950","ART-133ABF10","mid"
"TCK-0BAB3F011F","ART-AC8C1122","mid"
"TCK-B4E8893D1D","ART-E7555904","mid"
"TCK-43960D2FAA","ART-680D0797","mid"
"TCK-EDDA027327","ART-DA566855","mid"
"TCK-2EFAE5D8B6","ART-B3E1FC82","mid"
"TCK-1280FA3589","ART-B3E1FC82","mid"
"TCK-B5DD128786","ART-5FC8D736","mid"
"TCK-71E1678F8B","ART-50619C06","mid"
"TCK-DE53E53B62","ART-09F20E37","mid"
"TCK-E36AB03A8C","ART-680D0797","mid"
"TCK-64CC7EDBAF","ART-4E99B6C4","mid"
"TCK-95F19E20B9","ART-5DC5112C","mid"
"TCK-1AE370D271","ART-133ABF10","mid"
"TCK-E363817466","ART-32D9279D","mid"
"TCK-403444D874","ART-614BE463","mid"
"TCK-6A189A3468","ART-36D98801","mid"
"TCK-35F598805E","ART-250E4219","mid"
"TCK-2C14768C33","ART-87C7B85B","mid"
"TCK-842BA2826C","ART-DBAEB060","mid"
"TCK-2159A5B8B6","ART-28722E0F","mid"
"TCK-0849FB0163","ART-32D9279D","mid"
"TCK-1BFB1A109C","ART-3D802D4E","mid"
"TCK-85E1FEF219","ART-50619C06","mid"
"TCK-03FFB444AF","ART-6C6DA1B5","mid"
"TCK-CDD9EE0F11","ART-DF333CC1","mid"
"TCK-FD71F23738","ART-F55EE56F","mid"
"TCK-DCB1098192","ART-614BE463","mid"
"TCK-3EB1DE8E0D","ART-18BF0274","mid"
"TCK-9987F65B9E","ART-36D98801","mid"
"TCK-2F0810D288","ART-614BE463","mid"
"TCK-74BCFD46FE","ART-9FBB7E07","mid"
"TCK-E95027E99C","ART-DBAEB060","mid"
"TCK-3FF4FA72F1","ART-00EBEDA6","mid"
"TCK-BA8FD211D6","ART-DD6049CE","mid"
"TCK-6012D7C390","ART-753FF6F9","mid"
"TCK-4F2EA92578","ART-2380231D","mid"
"TCK-704DE722DD","ART-82A02300","mid"
"TCK-5DA6EAA864","ART-DD6049CE","mid"
"TCK-6303C438AF","ART-57251ED0","mid"
"TCK-A1A21DF888","ART-062BC201","mid"
"TCK-9A18F6DE7A","ART-46839B05","mid"
"TCK-E01FA40E3E","ART-A3BC31B6","mid"
"TCK-9A54F8C5FC","ART-87C7B85B","mid"
"TCK-8682ED9CBA","ART-250E4219","mid"
"TCK-51F2C2A26F","ART-DBAEB060","mid"
"TCK-C65E4C89B1","ART-8FBA62D5","mid"
"TCK-621B46D2EB","ART-9FBB7E07","mid"
"TCK-A1D958294C","ART-AC8C1122","mid"
"TCK-2E1310F0AB","ART-A6F8609A","mid"
"TCK-E712D12221","ART-36D98801","mid"
"TCK-FE5DF624D3","ART-CE5AB01A","mid"
"TCK-54261AC7EE","ART-88BE5565","mid"
"TCK-5AEAFAB6C7","ART-F6ADC65F","mid"
"TCK-3F46572851","ART-FFA6BF4E","mid"
"TCK-4EBA73F6CC","ART-50619C06","mid"
"TCK-F1249159B9","ART-E378315D","mid"
"TCK-10074D5BDE","ART-87C7B85B","mid"
"TCK-51C0323EE3","ART-F03FBFE8","mid"
"TCK-369EAD0913","ART-FFA6BF4E","mid"
"TCK-7513589CA2","ART-133ABF10","mid"
"TCK-F0EC4C5090","ART-36D98801","mid"
"TCK-CC94758BC5","ART-1078053D","mid"
"TCK-543CAFA1CC","ART-E378315D","mid"
"TCK-2FFA540DD1","ART-28847AFD","mid"
"TCK-77217339DA","ART-0695E594","mid"
"TCK-E6454FFFDE","ART-690F2CCC","mid"
"TCK-562ABF64D8","ART-18BF0274","mid"
"TCK-ECFD2185A1","ART-4A35DCFE","mid"
"TCK-6F41464725","ART-18BF0274","mid"
"TCK-40A81026E0","ART-42FF12ED","mid"
"TCK-EF60C82665","ART-46839B05","mid"
"TCK-DBE5822D86","ART-250E4219","mid"
"TCK-ABF4889F10","ART-87C7B85B","mid"
"TCK-BEFCF3AB62","ART-87C7B85B","mid"
"TCK-7FD3EB1464","ART-062BC201","mid"
"TCK-A97E0A2F31","ART-062BC201","mid"
"TCK-BDD179D9C6","ART-690F2CCC","mid"
"TCK-D01A30556F","ART-2E986668","mid"
"TCK-28D6A4DDC0","ART-4E99B6C4","mid"
"TCK-A6938919E8","ART-DBAEB060","mid"
"TCK-0B80891136","ART-E7555904","mid"
"TCK-B6C81F1F67","ART-AE43BC26","mid"
"TCK-D1369FE94E","ART-4A35DCFE","mid"
"TCK-86175E06EA","ART-6BCECBC3","mid"
"TCK-78656268DA","ART-A36127C2","mid"
"TCK-B9743CF8C3","ART-B3E1FC82","mid"
"TCK-3C4C7F152A","ART-E378315D","mid"
"TCK-0C365C5A6C","ART-1BE32326","mid"
"TCK-32BEDF2714","ART-F55EE56F","mid"
"TCK-D1E3F2224C","ART-4E99B6C4","mid"
"TCK-037DD4A690","ART-250E4219","mid"
"TCK-89E6D0F233","ART-8FBA62D5","mid"
"TCK-ECF987948C","ART-46839B05","mid"
"TCK-1EBC193CAC","ART-56D97CE5","mid"
"TCK-08D7B14148","ART-36D98801","mid"
"TCK-D229F5BD39","ART-FFA6BF4E","mid"
"TCK-E41085207A","ART-753FF6F9","mid"
"TCK-7E2E3B5019","ART-062BC201","mid"
"TCK-37BB1B1EF9","ART-EA8917E0","mid"
"TCK-BBABAB3C16","ART-B3E1FC82","mid"
"TCK-0A8FEA312D","ART-F6ADC65F","mid"
"TCK-2182BA3BE8","ART-92C2F213","mid"
"TCK-187E62E599","ART-B602DD4B","mid"
"TCK-0B5FC6E9AB","ART-DD6049CE","mid"
"TCK-8CA731810B","ART-36D98801","mid"
"TCK-818369A10E","ART-36D98801","mid"
"TCK-ACFC603E56","ART-28722E0F","mid"
"TCK-B2ECADC53B","ART-DD6049CE","mid"
"TCK-78B89A9EA7","ART-EA8917E0","mid"
"TCK-C01A522550","ART-133ABF10","mid"
"TCK-C1FE0C360D","ART-B602DD4B","mid"
"TCK-8F8F171368","ART-3DCED2AD","mid"
"TCK-0D559912B6","ART-D82A809A","mid"
"TCK-F62F6AF125","ART-7E307077","mid"
"TCK-421BE2991B","ART-6BCECBC3","mid"
"TCK-F3A2476304","ART-690F2CCC","mid"
"TCK-482EB2F121","ART-4E99B6C4","mid"
"TCK-5E580BAB93","ART-28847AFD","mid"
"TCK-3B53ED0EFA","ART-A6F8609A","mid"
"TCK-6B574357C0","ART-81C07636","mid"
"TCK-43ED5F258C","ART-AC8C1122","mid"
"TCK-CC08DD2E39","ART-247FFA7D","mid"
"TCK-46A3D6FB78","ART-88BE5565","mid"
"TCK-246D8C3948","ART-4A35DCFE","mid"
"TCK-31AF4033DA","ART-F6ADC65F","mid"
"TCK-5B3AAD9115","ART-753FF6F9","mid"
"TCK-D73D94C887","ART-3DCED2AD","mid"
"TCK-E8AFD1E825","ART-DA566855","mid"
"TCK-5774A7F557","ART-5DF6C3FE","mid"
"TCK-6C9BAEB4A1","ART-F55EE56F","mid"
"TCK-E28F83636B","ART-36D98801","mid"
"TCK-75AF2E357C","ART-DA566855","mid"
"TCK-AEB535E51C","ART-DA566855","mid"
"TCK-65FEBD9F54","ART-AF6EE40F","mid"
"TCK-5B340E2FF2","ART-062BC201","mid"
"TCK-020E61EE82","ART-46839B05","mid"
"TCK-24AD585B6D","ART-AF6EE40F","mid"
"TCK-E1DA340762","ART-E7555904","mid"
"TCK-0677A1288D","ART-2380231D","mid"
"TCK-FA8410FC9C","ART-3DCED2AD","mid"
"TCK-240A645FF2","ART-2380231D","mid"
"TCK-AAAED3FD17","ART-C37EBE7A","mid"
"TCK-875E487994","ART-2E986668","mid"
"TCK-9AB48FE639","ART-09F20E37","mid"
"TCK-2E380E9817","ART-4A35DCFE","mid"
"TCK-5F3C2D5DBF","ART-9FBB7E07","mid"
"TCK-EB45EDA93B","ART-A6F8609A","mid"
"TCK-832970202B","ART-92C2F213","mid"
"TCK-AF2F8EEDEE","ART-B3E1FC82","mid"
"TCK-53145C000E","ART-F03FBFE8","mid"
"TCK-6B3E5D105F","ART-2E986668","mid"
"TCK-E01BEEF494","ART-7E307077","mid"
"TCK-0A0C5C79BD","ART-680D0797","mid"
"TCK-CD6F1B57B1","ART-6C6DA1B5","mid"
"TCK-9EDAA32EA2","ART-4A35DCFE","mid"
"TCK-F66F7E8CF8","ART-87C7B85B","mid"
"TCK-CF1DED79D7","ART-E7555904","mid"
"TCK-EBDF5D1FA0","ART-92C2F213","mid"
"TCK-C5261BA610","ART-BF7787C4","mid"
"TCK-01716D6599","ART-1BE32326","mid"
"TCK-AA7736EA61","ART-56D97CE5","mid"
"TCK-79B852A8FD","ART-28722E0F","mid"
"TCK-79B2C55629","ART-3DCED2AD","mid"
"TCK-77F0A1ADA8","ART-BF7787C4","mid"
"TCK-8263F7DD50","ART-EA8917E0","mid"
"TCK-BFC9691A90","ART-09F20E37","mid"
"TCK-3219259FD9","ART-EA8917E0","mid"
"TCK-1580F458AF","ART-8FBA62D5","mid"
"TCK-BC37A7111C","ART-614BE463","mid"
"TCK-0B0BF395B9","ART-28722E0F","mid"
"TCK-E311F24090","ART-133ABF10","mid"
"TCK-46E240054C","ART-36D98801","mid"
"TCK-B2037F00FF","ART-5DC5112C","mid"
"TCK-F7C54D9983","ART-C37EBE7A","mid"
"TCK-D05ADDAB44","ART-707AE889","mid"
"TCK-E5DB4FC4FB","ART-28847AFD","mid"
"TCK-4CAD4C9D48","ART-F03FBFE8","mid"
"TCK-7248D89C54","ART-F03FBFE8","mid"
"TCK-5C0C5CA94B","ART-753FF6F9","mid"
"TCK-9112190F73","ART-18BF0274","mid"
"TCK-666D43F2B7","ART-EA8917E0","mid"
"TCK-CA9E0DD586","ART-28847AFD","mid"
"TCK-7E20B13E13","ART-B3E1FC82","mid"
"TCK-A585264628","ART-F55EE56F","mid"
"TCK-E7ACA0250D","ART-9FBB7E07","mid"
"TCK-1A87414C39","ART-DBAEB060","mid"
"TCK-D8D8AACEBA","ART-0D261E6C","mid"
"TCK-70A10ECBDF","ART-42FF12ED","mid"
"TCK-36A04DA6D8","ART-F55EE56F","mid"
"TCK-F73F9ADCE6","ART-18BF0274","mid"
"TCK-83CB7C71D3","ART-CE5AB01A","mid"
"TCK-C017D9EEBA","ART-F6ADC65F","mid"
"TCK-1FE6F84AEE","ART-2E986668","mid"
"TCK-5D6FDF334F","ART-1078053D","mid"
"TCK-314CFE0728","ART-A6F8609A","mid"
"TCK-0785E4BEF1","ART-062BC201","mid"
"TCK-4DB03934CA","ART-09F20E37","mid"
"TCK-052177B297","ART-AC8C1122","mid"
"TCK-064A40EF61","ART-DF333CC1","mid"
"TCK-8F2E72BB11","ART-4E99B6C4","mid"
"TCK-C20F6B9B9E","ART-DD6049CE","mid"
"TCK-DC8CE17FC6","ART-81C07636","mid"
"TCK-172261872A","ART-DA566855","mid"
"TCK-5D9904C2BF","ART-5DC5112C","mid"
"TCK-0C0CC803F7","ART-00EBEDA6","mid"
"TCK-C80630E6AA","ART-36D98801","mid"
"TCK-6DB8100297","ART-CE5AB01A","mid"
"TCK-F9AC538876","ART-87C7B85B","mid"
"TCK-350AFA1DE1","ART-3474AC9F","mid"
"TCK-4A1918B55E","ART-9FBB7E07","mid"
"TCK-0B5D885CB0","ART-4A35DCFE","mid"
"TCK-3AC1346E1D","ART-92C2F213","mid"
"TCK-C345895AF6","ART-133ABF10","mid"
"TCK-EE3E24D0B0","ART-500B760B","mid"
"TCK-F6F5561D76","ART-062BC201","mid"
"TCK-72BD64DE5C","ART-307B9414","mid"
"TCK-2EC33F6C1F","ART-0695E594","mid"
"TCK-84538AA847","ART-18BF0274","mid"
"TCK-BFD54B473C","ART-1078053D","mid"
"TCK-58611EBFF0","ART-C37EBE7A","mid"
"TCK-5D52E6CBF4","ART-DD6049CE","mid"
"TCK-3DB89C43C5","ART-1078053D","mid"
"TCK-375E158602","ART-A36127C2","mid"
"TCK-1A67530D51","ART-30B97389","mid"
"TCK-67DE5B916F","ART-5FC8D736","mid"
"TCK-E5378151EF","ART-AE43BC26","mid"
"TCK-DF2D1AB6DE","ART-57251ED0","mid"
"TCK-4B2628A267","ART-AE43BC26","mid"
"TCK-4EC1C74450","ART-F6ADC65F","mid"
"TCK-D1131CE072","ART-B602DD4B","mid"
"TCK-AD150915C2","ART-AC8C1122","mid"
"TCK-B595716299","ART-B3E1FC82","mid"
"TCK-889C1D7FE4","ART-4E99B6C4","mid"
"TCK-D50BDD58ED","ART-5492B28C","mid"
"TCK-78E88568FB","ART-8FBA62D5","mid"
"TCK-6793931B5E","ART-500B760B","mid"
"TCK-70343A8EAE","ART-F03FBFE8","mid"
"TCK-4A4F300EC0","ART-2380231D","mid"
"TCK-C367C69C31","ART-82A02300","mid"
"TCK-2F425BCCC2","ART-614BE463","mid"
"TCK-1570207E7C","ART-56D97CE5","mid"
"TCK-463AF9496B","ART-3474AC9F","mid"
"TCK-7BF3505C3F","ART-00EBEDA6","mid"
"TCK-2CFEF5E56A","ART-87C7B85B","mid"
"TCK-BEBF88F35C","ART-B602DD4B","mid"
"TCK-7D3F3A9CCF","ART-250E4219","mid"
"TCK-A46BCB7E99","ART-CE5AB01A","mid"
"TCK-286E80B8EE","ART-AC8C1122","mid"
"TCK-FEF945AE16","ART-56D97CE5","mid"
"TCK-58A9068579","ART-BF7787C4","mid"
"TCK-C9DF26474A","ART-753FF6F9","mid"
"TCK-393E0D4E08","ART-062BC201","mid"
"TCK-59BF2D5D32","ART-A6F8609A","mid"
"TCK-159F0791C9","ART-AC8C1122","mid"
"TCK-9266C90020","ART-4A35DCFE","mid"
"TCK-06B7C88416","ART-4E99B6C4","mid"
"TCK-DA34C244C8","ART-250E4219","mid"
"TCK-FBBEB82882","ART-32D9279D","mid"
"TCK-6A938AE53B","ART-00EBEDA6","mid"
"TCK-7A8888A7E7","ART-5DC5112C","mid"
"TCK-C1B3B11F41","ART-82A02300","mid"
"TCK-ADB78D48F9","ART-28847AFD","mid"
"TCK-107C3FD9B6","ART-DA566855","mid"
"TCK-C248796A09","ART-00EBEDA6","mid"
"TCK-3FD8E12060","ART-2380231D","mid"
"TCK-A0E41E0E07","ART-133ABF10","mid"
"TCK-8FE1EC2008","ART-42FF12ED","mid"
"TCK-13F9A0BBB3","ART-50619C06","mid"
"TCK-8D3BCB8E46","ART-5DF6C3FE","mid"
"TCK-A7E74D8838","ART-B602DD4B","mid"
"TCK-399C8DA8A6","ART-5DC5112C","mid"
"TCK-EC3FE9C06E","ART-46839B05","mid"
"TCK-4990476C5E","ART-8FBA62D5","mid"
"TCK-2A7A574D30","ART-DBAEB060","mid"
"TCK-A50869A462","ART-AF6EE40F","mid"
"TCK-0C80281DCC","ART-46839B05","mid"
"TCK-5C323FC44B","ART-F6ADC65F","mid"
"TCK-BA64BB9790","ART-30B97389","mid"
"TCK-7A6A9A6A9A","ART-A3BC31B6","mid"
"TCK-914B904CAB","ART-690F2CCC","mid"
"TCK-390AD73220","ART-28847AFD","mid"
"TCK-006F1E20A2","ART-9FBB7E07","mid"
"TCK-23BE8C6377","ART-87C7B85B","mid"
"TCK-BC944211DF","ART-46839B05","mid"
"TCK-30637384ED","ART-DD6049CE","mid"
"TCK-A8DA12E36E","ART-707AE889","mid"
"TCK-A392C1E95E","ART-FFA6BF4E","mid"
"TCK-11F0FDA818","ART-82A02300","mid"
"TCK-79F3510B2B","ART-1BE32326","mid"
"TCK-1D35183CCE","ART-C37EBE7A","mid"
"TCK-7AF81F28AE","ART-28722E0F","mid"
"TCK-66E88470B8","ART-1078053D","mid"
"TCK-F99AD3F304","ART-133ABF10","mid"
"TCK-F19F2F4EB2","ART-3474AC9F","mid"
"TCK-84D56D22BB","ART-1078053D","mid"
"TCK-0B8B7D5D16","ART-A3BC31B6","mid"
"TCK-0926D4473C","ART-A36127C2","mid"
"TCK-3ACC4F27D4","ART-AE43BC26","mid"
"TCK-1A862AFAA7","ART-4E99B6C4","mid"
"TCK-B0E3FFAAF0","ART-5FC8D736","mid"
"TCK-B3E9A462CE","ART-E7555904","mid"
"TCK-333A681FB3","ART-82A02300","mid"
"TCK-A0FA8EA4EC","ART-82A02300","mid"
"TCK-89F746A4D9","ART-307B9414","mid"
"TCK-B6F0949FBC","ART-4A35DCFE","mid"
"TCK-7A0D20F479","ART-DA566855","mid"
"TCK-4F9753A012","ART-2E986668","mid"
"TCK-644A3A44C5","ART-09F20E37","mid"
"TCK-335579535C","ART-30B97389","mid"
"TCK-B4974FDB58","ART-30B97389","mid"
"TCK-BB870CDC66","ART-247FFA7D","mid"
"TCK-5FBD3134B7","ART-247FFA7D","mid"
"TCK-265EBA6701","ART-C37EBE7A","mid"
"TCK-66699DAD09","ART-AC8C1122","mid"
"TCK-5EE12ED896","ART-28847AFD","mid"
"TCK-8A09731FBC","ART-753FF6F9","mid"
"TCK-9288004595","ART-F6ADC65F","mid"
"TCK-9635CF44AD","ART-32D9279D","mid"
"TCK-286A51CCD6","ART-56D97CE5","mid"
"TCK-94170E3059","ART-D82A809A","mid"
"TCK-7B964E7075","ART-28722E0F","mid"
"TCK-814939BED9","ART-500B760B","mid"
"TCK-7E34CFD092","ART-18BF0274","mid"
"TCK-ADDDB6F9D3","ART-09F20E37","mid"
"TCK-C1E19B0027","ART-1078053D","mid"
"TCK-47A24DA717","ART-307B9414","mid"
"TCK-1F98E5F939","ART-87C7B85B","mid"
"TCK-51D170BB76","ART-614BE463","mid"
"TCK-1921B2D802","ART-1078053D","mid"
"TCK-E686A32CDC","ART-614BE463","mid"
"TCK-55460C75A9","ART-F6ADC65F","mid"
"TCK-1A7226500B","ART-AF6EE40F","mid"
"TCK-839FDE3AE3","ART-3DCED2AD","mid"
"TCK-7B6D1AAB3C","ART-F55EE56F","mid"
"TCK-51D8F03B27","ART-4E99B6C4","mid"
"TCK-F7F8D3E1C2","ART-3474AC9F","mid"
"TCK-2CAE5160AC","ART-0D261E6C","mid"
"TCK-E0F3711094","ART-DD6049CE","mid"
"TCK-7575014F35","ART-D82A809A","mid"
"TCK-B012FAA3BC","ART-F03FBFE8","mid"
"TCK-B9D6778FC3","ART-46839B05","mid"
"TCK-E7E5BEDD38","ART-250E4219","mid"
"TCK-BA10488B5A","ART-3474AC9F","mid"
"TCK-05E7C7B65C","ART-42FF12ED","mid"
"TCK-47F3033436","ART-F6ADC65F","mid"
"TCK-B13E495765","ART-6BCECBC3","mid"
"TCK-44F71AB458","ART-6C6DA1B5","mid"
"TCK-84F38F6A62","ART-28722E0F","mid"
"TCK-2326A20337","ART-AC8C1122","mid"
"TCK-3F9E296E06","ART-247FFA7D","mid"
"TCK-0D6ABCD00B","ART-4A35DCFE","mid"
"TCK-B4D301DCCC","ART-307B9414","mid"
"TCK-6261C1061F","ART-F55EE56F","mid"
"TCK-FA3FD1BAF4","ART-5DF6C3FE","mid"
"TCK-E6D100D99E","ART-3D802D4E","mid"
"TCK-0F72FE56C2","ART-AC8C1122","mid"
"TCK-7BFF69943D","ART-307B9414","mid"
"TCK-06352AF45C","ART-690F2CCC","mid"
"TCK-8448AC525B","ART-28847AFD","mid"
"TCK-BE64E27E4A","ART-A3BC31B6","mid"
"TCK-E8E7847916","ART-3474AC9F","mid"
"TCK-5797DE4EF5","ART-1078053D","mid"
"TCK-82D8B44D2B","ART-3D802D4E","mid"
"TCK-3800353938","ART-AE43BC26","mid"
"TCK-DDCA2C13D2","ART-4A35DCFE","mid"
"TCK-C80C079A8B","ART-DBAEB060","mid"
"TCK-408C2E7D07","ART-46839B05","mid"
"TCK-4E8479B546","ART-6C6DA1B5","mid"
"TCK-F0F2329D75","ART-B602DD4B","mid"
"TCK-6254EE3734","ART-30B97389","mid"
"TCK-58CADA3360","ART-36D98801","mid"
"TCK-9D00E40C6B","ART-BF7787C4","mid"
"TCK-0A6EFCCD0F","ART-AF6EE40F","mid"
"TCK-E821C82D16","ART-707AE889","mid"
"TCK-28ACB2F979","ART-28847AFD","mid"
"TCK-B761089557","ART-D82A809A","mid"
"TCK-0D72B37F1B","ART-E7555904","mid"
"TCK-8BB978D324","ART-3474AC9F","mid"
"TCK-570D3A4296","ART-92C2F213","mid"
"TCK-B89B1F697B","ART-247FFA7D","mid"
"TCK-6CC9FB9A6B","ART-753FF6F9","mid"
"TCK-BB88E81DC4","ART-133ABF10","mid"
"TCK-405EFC01A3","ART-707AE889","mid"
"TCK-1E85111DFC","ART-30B97389","mid"
"TCK-1EEEF4AA69","ART-062BC201","mid"
"TCK-EE2E9642E6","ART-5492B28C","mid"
"TCK-6BDF2FE6D2","ART-0695E594","mid"
"TCK-D447AA932D","ART-36D98801","mid"
"TCK-5CE79D7177","ART-F55EE56F","mid"
"TCK-11BA7747F3","ART-753FF6F9","mid"
"TCK-4612557602","ART-614BE463","mid"
"TCK-A28CB8C198","ART-753FF6F9","mid"
"TCK-37D535B859","ART-EA8917E0","mid"
"TCK-6B8DCE0A46","ART-00EBEDA6","mid"
"TCK-925B78C4CF","ART-500B760B","mid"
"TCK-7B59657E66","ART-4A35DCFE","mid"
"TCK-C8045A0804","ART-E7555904","mid"
"TCK-0AE15F8042","ART-8FBA62D5","mid"
"TCK-F558E92E3D","ART-3D802D4E","mid"
"TCK-4FC5C3C7B1","ART-753FF6F9","mid"
"TCK-F78B9CBEC8","ART-D82A809A","mid"
"TCK-1EB882BB57","ART-32D9279D","mid"
"TCK-6A3361C597","ART-5492B28C","mid"
"TCK-E825F56311","ART-E378315D","mid"
"TCK-3F1993E12C","ART-3DCED2AD","mid"
"TCK-1DF001C56E","ART-7E307077","mid"
"TCK-F282BA0BEB","ART-0D261E6C","mid"
"TCK-A39C99FE5E","ART-2380231D","mid"
"TCK-C63899FCAF","ART-5FC8D736","mid"
"TCK-5D1C8D5D22","ART-50619C06","mid"
"TCK-EB867B07D9","ART-3DCED2AD","mid"
"TCK-0204EE71E1","ART-614BE463","mid"
"TCK-D2CB2909BB","ART-690F2CCC","mid"
"TCK-5C506E1C5A","ART-18BF0274","mid"
"TCK-19C14AA5BB","ART-F03FBFE8","mid"
"TCK-6A9343BA75","ART-FFA6BF4E","mid"
"TCK-B2E46AE2A7","ART-DF333CC1","mid"
"TCK-F95EE32670","ART-7E307077","mid"
"TCK-7BA1AF1D9F","ART-18BF0274","mid"
"TCK-CADC61DC17","ART-C37EBE7A","mid"
"TCK-46EF24C343","ART-81C07636","mid"
"TCK-79832D76B4","ART-36D98801","mid"
"TCK-C581317D49","ART-5DF6C3FE","mid"
"TCK-92DA333B98","ART-A3BC31B6","mid"
"TCK-BEECD31F0D","ART-3D802D4E","mid"
"TCK-459297E411","ART-5FC8D736","mid"
"TCK-45D9CB5B20","ART-88BE5565","mid"
"TCK-3FE8FADDD1","ART-88BE5565","mid"
"TCK-C3C28A250E","ART-247FFA7D","mid"
"TCK-53D191717D","ART-753FF6F9","mid"
"TCK-634A9A0F6A","ART-5DC5112C","mid"
"TCK-0EFA7630D6","ART-DBAEB060","mid"
"TCK-3D077A8596","ART-0695E594","mid"
"TCK-4205CAED50","ART-EA8917E0","mid"
"TCK-4C4EE61DC4","ART-500B760B","mid"
"TCK-83D75E7718","ART-57251ED0","mid"
"TCK-5356A446E7","ART-F6ADC65F","mid"
"TCK-5D638295C8","ART-307B9414","mid"
"TCK-9EB664DB8D","ART-2E986668","mid"
"TCK-94FCDBA8BC","ART-133ABF10","mid"
"TCK-B470D538B3","ART-46839B05","mid"
"TCK-4833142133","ART-0695E594","mid"
"TCK-A8D60ADB13","ART-28722E0F","mid"
"TCK-E77598BF15","ART-133ABF10","mid"
"TCK-D3CAC09C65","ART-57251ED0","mid"
"TCK-8281277FBD","ART-88BE5565","mid"
"TCK-9728114BA2","ART-7E307077","mid"
"TCK-799A248A57","ART-AF6EE40F","mid"
"TCK-910B4EEC31","ART-46839B05","mid"
"TCK-B4C58097EB","ART-56D97CE5","mid"
"TCK-6E6463BA77","ART-6C6DA1B5","mid"
"TCK-CE52C97C61","ART-F03FBFE8","mid"
"TCK-77FE93567D","ART-09F20E37","mid"
"TCK-F4A278CFF6","ART-EA8917E0","mid"
"TCK-03D2ECB5E5","ART-AC8C1122","mid"
"TCK-CAF655A62E","ART-DD6049CE","mid"
"TCK-E3DE0C96A3","ART-F6ADC65F","mid"
"TCK-2E1180C425","ART-F03FBFE8","mid"
"TCK-818F462782","ART-614BE463","mid"
"TCK-EF38738CCC","ART-4A35DCFE","mid"
"TCK-803E3C6B89","ART-3474AC9F","mid"
"TCK-6EFDB8B485","ART-247FFA7D","mid"
"TCK-B90C897C6A","ART-57251ED0","mid"
"TCK-5529552D43","ART-18BF0274","mid"
"TCK-3FCAFB7DB7","ART-28847AFD","mid"
"TCK-E85752BEA2","ART-42FF12ED","mid"
"TCK-9810166FC9","ART-EA8917E0","mid"
"TCK-2CA17E5D0A","ART-AC8C1122","mid"
"TCK-E4A2EC5B9F","ART-A3BC31B6","mid"
"TCK-96FEF09FE4","ART-B3E1FC82","mid"
"TCK-6D3175A4D4","ART-28847AFD","mid"
"TCK-13BE94EB03","ART-5DF6C3FE","mid"
"TCK-3A32E637E4","ART-5FC8D736","mid"
"TCK-64278A3DA5","ART-753FF6F9","mid"
"TCK-05FCBED314","ART-690F2CCC","mid"
"TCK-C6988D1B74","ART-7E307077","mid"
"TCK-2554079083","ART-B602DD4B","mid"
"TCK-947CB91ED6","ART-56D97CE5","mid"
"TCK-F22AF52C59","ART-1078053D","mid"
"TCK-A1314EF3A5","ART-133ABF10","mid"
"TCK-2EF22658A4","ART-30B97389","mid"
"TCK-2A21775616","ART-56D97CE5","mid"
"TCK-EC9BC2974D","ART-3474AC9F","mid"
"TCK-FC12A7F772","ART-42FF12ED","mid"
"TCK-1F3FD7EF79","ART-4E99B6C4","mid"
"TCK-5BCAF52362","ART-50619C06","mid"
"TCK-52D80E830B","ART-F03FBFE8","mid"
"TCK-D51043D7B4","ART-6BCECBC3","mid"
"TCK-9D94966099","ART-36D98801","mid"
"TCK-2C916082DD","ART-AF6EE40F","mid"
"TCK-AE501841CF","ART-133ABF10","mid"
"TCK-D1827B02D2","ART-57251ED0","mid"
"TCK-200CE09EEB","ART-A6F8609A","mid"
"TCK-1F61DAA0F5","ART-500B760B","mid"
"TCK-13686E97BE","ART-707AE889","mid"
"TCK-8E4ED1E2FD","ART-BF7787C4","mid"
"TCK-EF7CF38C3F","ART-500B760B","mid"
"TCK-F9E5F71547","ART-614BE463","mid"
"TCK-C2522403F2","ART-2E986668","mid"
"TCK-0F2B102E62","ART-09F20E37","mid"
"TCK-EA0721265A","ART-4A35DCFE","mid"
"TCK-32E9711089","ART-57251ED0","mid"
"TCK-5DF717233C","ART-0695E594","mid"
"TCK-C2DE6FBD97","ART-81C07636","mid"
"TCK-0123F35BD4","ART-C37EBE7A","mid"
"TCK-9A063DAE09","ART-8FBA62D5","mid"
"TCK-562D6691D5","ART-690F2CCC","mid"
"TCK-E07F472075","ART-36D98801","mid"
"TCK-62B3EF278F","ART-F03FBFE8","mid"
"TCK-0948FEACA6","ART-3D802D4E","mid"
"TCK-D5565842B5","ART-AC8C1122","mid"
"TCK-049CC9BD66","ART-9FBB7E07","mid"
"TCK-8EF4894817","ART-2E986668","mid"
"TCK-209B665715","ART-5492B28C","mid"
"TCK-C8F333FBF9","ART-062BC201","mid"
"TCK-94E3E6FB01","ART-BF7787C4","mid"
"TCK-F14910C7DD","ART-E378315D","mid"
"TCK-6E5A629A04","ART-46839B05","mid"
"TCK-21F53DD284","ART-3DCED2AD","mid"
"TCK-1BA4864015","ART-36D98801","mid"
"TCK-8C93427776","ART-F6ADC65F","mid"
"TCK-11467C5A83","ART-6BCECBC3","mid"
"TCK-D194606776","ART-6C6DA1B5","mid"
"TCK-B2F403994B","ART-28847AFD","mid"
"TCK-72D58D3304","ART-57251ED0","mid"
"TCK-CC4DCBAF19","ART-500B760B","mid"
"TCK-A0A5540D63","ART-82A02300","mid"
"TCK-E921F0B691","ART-A3BC31B6","mid"
"TCK-7697A8F26D","ART-250E4219","mid"
"TCK-67EA145622","ART-5DF6C3FE","mid"
"TCK-C0843EF35D","ART-00EBEDA6","mid"
"TCK-81948D8091","ART-EA8917E0","mid"
"TCK-A3895AF7FB","ART-6C6DA1B5","mid"
"TCK-AE06DB076F","ART-18BF0274","mid"
"TCK-9B4FE40725","ART-8FBA62D5","mid"
"TCK-F9C7BF8E95","ART-8FBA62D5","mid"
"TCK-A8F620CE37","ART-B3E1FC82","mid"
"TCK-49E365DC54","ART-680D0797","mid"
"TCK-F5F6A05292","ART-133ABF10","mid"
"TCK-5C1533341B","ART-82A02300","mid"
"TCK-68ED69D014","ART-92C2F213","mid"
"TCK-084ED163B0","ART-8FBA62D5","mid"
"TCK-78C30F2BB3","ART-36D98801","mid"
"TCK-179804C3AC","ART-0695E594","mid"
"TCK-1D145F3EC1","ART-9FBB7E07","mid"
"TCK-541674905E","ART-9FBB7E07","mid"
"TCK-C11EB97744","ART-9FBB7E07","mid"
"TCK-4360B76ECA","ART-DBAEB060","mid"
"TCK-75B729EB0E","ART-87C7B85B","mid"
"TCK-6F6B6DB114","ART-28847AFD","mid"
"TCK-04DCE0207D","ART-0695E594","mid"
"TCK-38352AB905","ART-6C6DA1B5","mid"
"TCK-232C8DCCAA","ART-09F20E37","mid"
"TCK-E754865F04","ART-AC8C1122","mid"
"TCK-F9CFF01EA8","ART-0695E594","mid"
"TCK-BBE5299EB6","ART-A6F8609A","mid"
"TCK-01B2D2E784","ART-753FF6F9","mid"
"TCK-6CF6F8EFBE","ART-5DC5112C","mid"
"TCK-B5B15F62B9","ART-6BCECBC3","mid"
"TCK-325E63969A","ART-3474AC9F","mid"
"TCK-8CDEA931F5","ART-6C6DA1B5","mid"
"TCK-DC25486BE6","ART-56D97CE5","mid"
"TCK-CC4BF377A1","ART-36D98801","mid"
"TCK-5B9A302CD2","ART-307B9414","mid"
"TCK-6E10997EBA","ART-09F20E37","mid"
"TCK-325C5B6602","ART-36D98801","mid"
"TCK-6B6C2AA2A7","ART-BF7787C4","mid"
"TCK-5851C2D5ED","ART-46839B05","mid"
"TCK-5C03225A36","ART-00EBEDA6","mid"
"TCK-60007731D1","ART-5DC5112C","mid"
"TCK-D8E610D4E2","ART-D82A809A","mid"
"TCK-1124CC649C","ART-AF6EE40F","mid"
"TCK-1778DDACA2","ART-81C07636","mid"
"TCK-6235B9AB7D","ART-DA566855","mid"
"TCK-360A4094B8","ART-E7555904","mid"
"TCK-482CF92A07","ART-F6ADC65F","mid"
"TCK-282CD956AA","ART-DA566855","mid"
"TCK-B0E86DD7F9","ART-5DC5112C","mid"
"TCK-154B52F43A","ART-87C7B85B","mid"
"TCK-E357128BC9","ART-87C7B85B","mid"
"TCK-8BB5351702","ART-133ABF10","mid"
"TCK-E733418973","ART-81C07636","mid"
"TCK-7C50BE88F6","ART-87C7B85B","mid"
"TCK-E3D44A0875","ART-DF333CC1","mid"
"TCK-6548255B28","ART-F6ADC65F","mid"
"TCK-2703DD71F3","ART-3DCED2AD","mid"
"TCK-D140461779","ART-062BC201","mid"
"TCK-C75091D111","ART-28722E0F","mid"
"TCK-5936E6D55B","ART-E7555904","mid"
"TCK-7E219CA4BF","ART-3DCED2AD","mid"
"TCK-FE30D9040E","ART-5492B28C","mid"
"TCK-DEA12CF99E","ART-AE43BC26","mid"
"TCK-41E801F7F1","ART-F03FBFE8","mid"
"TCK-A663F48735","ART-307B9414","mid"
"TCK-E15C5CBBB4","ART-E7555904","mid"
"TCK-AD92907EFA","ART-56D97CE5","mid"
"TCK-7CC1385BD9","ART-E378315D","mid"
"TCK-DCD06FE482","ART-D82A809A","mid"
"TCK-E0E4DB1A94","ART-28847AFD","mid"
"TCK-6DB3D63D2C","ART-DBAEB060","mid"
"TCK-621D5FC5CC","ART-500B760B","mid"
"TCK-59F720F002","ART-247FFA7D","mid"
"TCK-2C85B5B5F3","ART-9FBB7E07","mid"
"TCK-4B3C18B33B","ART-DA566855","mid"
"TCK-3331E73B15","ART-09F20E37","mid"
"TCK-6D1DA7BA9F","ART-5DF6C3FE","mid"
"TCK-F42B5892AD","ART-8FBA62D5","mid"
"TCK-92BF8409CA","ART-8FBA62D5","mid"
"TCK-BFF87D4965","ART-DBAEB060","mid"
"TCK-DA59F094CB","ART-0695E594","mid"
"TCK-485EFEF77A","ART-B3E1FC82","mid"
"TCK-C2D6A269BC","ART-5DF6C3FE","mid"
"TCK-DB4675428A","ART-2E986668","mid"
"TCK-1D8DF4A22E","ART-247FFA7D","mid"
"TCK-D820FA1541","ART-92C2F213","mid"
"TCK-EA49B7B92C","ART-2E986668","mid"
"TCK-C917C29DF1","ART-133ABF10","mid"
"TCK-1379486B1A","ART-5DC5112C","mid"
"TCK-E815D98374","ART-5492B28C","mid"
"TCK-D63F5CBD10","ART-247FFA7D","mid"
"TCK-0F6C3BA7ED","ART-F03FBFE8","mid"
"TCK-87A28CC132","ART-28847AFD","mid"
"TCK-3DD97ABD0A","ART-4E99B6C4","mid"
"TCK-1667FD2239","ART-2380231D","mid"
"TCK-9C9503ADA8","ART-57251ED0","mid"
"TCK-BA4AFF7909","ART-09F20E37","mid"
"TCK-64B98E3CF5","ART-BF7787C4","mid"
"TCK-AC8F4489EB","ART-36D98801","mid"
"TCK-39154006C0","ART-614BE463","mid"
"TCK-ED79C64634","ART-FFA6BF4E","mid"
"TCK-403CE4C7E5","ART-5492B28C","mid"
"TCK-1CF3262BE3","ART-4E99B6C4","mid"
"TCK-7EBD45609B","ART-1078053D","mid"
"TCK-2C34D3908B","ART-F03FBFE8","mid"
"TCK-C76702660B","ART-18BF0274","mid"
"TCK-B94D3E03F1","ART-57251ED0","mid"
"TCK-D524A9F0CD","ART-46839B05","mid"
"TCK-97EC9501A7","ART-133ABF10","mid"
"TCK-83D57EC8D8","ART-3DCED2AD","mid"
"TCK-C3062CCB30","ART-8FBA62D5","mid"
"TCK-AAD82F680A","ART-7E307077","mid"
"TCK-2346826532","ART-36D98801","mid"
"TCK-CFFDD18DF7","ART-A36127C2","mid"
"TCK-8A10280492","ART-AC8C1122","mid"
"TCK-6167EFA4E1","ART-BF7787C4","mid"
"TCK-254D2C5E17","ART-88BE5565","mid"
"TCK-1D6246D144","ART-A6F8609A","mid"
"TCK-09AFDB5FFD","ART-9FBB7E07","mid"
"TCK-70113EC9E2","ART-46839B05","mid"
"TCK-AC10BE1EC7","ART-A6F8609A","mid"
"TCK-FAD0B5B8E3","ART-DF333CC1","mid"
"TCK-9CE1F69A30","ART-1078053D","mid"
"TCK-106AF90F8B","ART-4A35DCFE","mid"
"TCK-BA44D1D243","ART-AF6EE40F","mid"
"TCK-C5ADD4D508","ART-DA566855","mid"
"TCK-6D2DB99970","ART-56D97CE5","mid"
"TCK-9DD442C3E5","ART-8FBA62D5","mid"
"TCK-60A59D3DF4","ART-F6ADC65F","mid"
"TCK-7E6E8EE1C2","ART-DBAEB060","mid"
"TCK-1D82EEA5F9","ART-2380231D","mid"
"TCK-58564CEFDB","ART-D82A809A","mid"
"TCK-4B6E9E14B5","ART-2E986668","mid"
"TCK-F7B62D75A6","ART-CE5AB01A","mid"
"TCK-48B2A7BDD6","ART-D82A809A","mid"
"TCK-C5282086C8","ART-09F20E37","mid"
"TCK-0CEE5BD984","ART-062BC201","mid"
"TCK-DD68154284","ART-753FF6F9","mid"
"TCK-F514A9B177","ART-753FF6F9","mid"
"TCK-26FA120A02","ART-82A02300","mid"
"TCK-F3C3E5DD9E","ART-DA566855","mid"
"TCK-6D3A79C6EE","ART-DD6049CE","mid"
"TCK-FFC35E9107","ART-C37EBE7A","mid"
"TCK-680A23BD81","ART-E378315D","mid"
"TCK-A4D92017A8","ART-F6ADC65F","mid"
"TCK-1AA1562D97","ART-56D97CE5","mid"
"TCK-C8C280B192","ART-CE5AB01A","mid"
"TCK-27DE8A0421","ART-28722E0F","mid"
"TCK-42AB0195C5","ART-133ABF10","mid"
"TCK-09E6410A03","ART-00EBEDA6","mid"
"TCK-BA9EFAAC5C","ART-DBAEB060","mid"
"TCK-B83744C312","ART-DD6049CE","mid"
"TCK-7DF73100ED","ART-DD6049CE","mid"
"TCK-7152CB6507","ART-8FBA62D5","mid"
"TCK-EE049F1820","ART-AC8C1122","mid"
"TCK-ACB7E69BD6","ART-5FC8D736","mid"
"TCK-DD491D9FB2","ART-A6F8609A","mid"
"TCK-DAEC0190C2","ART-09F20E37","mid"
"TCK-A1C679DEC7","ART-32D9279D","mid"
"TCK-340A1DD612","ART-AF6EE40F","mid"
"TCK-AE81D162F2","ART-3474AC9F","mid"
"TCK-833D49508E","ART-2380231D","mid"
"TCK-7791460DE7","ART-B602DD4B","mid"
"TCK-0FE2E4FEA8","ART-133ABF10","mid"
"TCK-0082A4DAAA","ART-00EBEDA6","mid"
"TCK-2064D9498E","ART-9FBB7E07","mid"
"TCK-549D748148","ART-0695E594","mid"
"TCK-9FAE3EF464","ART-B3E1FC82","mid"
"TCK-C50A7A3A3D","ART-3D802D4E","mid"
"TCK-DDBF0ADFC9","ART-DD6049CE","mid"
"TCK-D63697ED36","ART-28722E0F","mid"
"TCK-1BC6B3966B","ART-D82A809A","mid"
"TCK-B3841D32EF","ART-250E4219","mid"
"TCK-5240A73199","ART-DBAEB060","mid"
"TCK-F0E77FCAA6","ART-09F20E37","mid"
"TCK-63CEA545B5","ART-9FBB7E07","mid"
"TCK-1CE2E9E232","ART-F55EE56F","mid"
"TCK-6CD9EDFE9E","ART-AC8C1122","mid"
"TCK-2B8A35B960","ART-4A35DCFE","mid"
"TCK-E561D42C13","ART-BF7787C4","mid"
"TCK-CF249D260A","ART-3474AC9F","mid"
"TCK-54F294308E","ART-AC8C1122","mid"
"TCK-2F8B1863D3","ART-0D261E6C","mid"
"TCK-8B2EFF179F","ART-680D0797","mid"
"TCK-3685B18B8F","ART-36D98801","mid"
"TCK-4E3F3B1155","ART-DF333CC1","mid"
"TCK-E20C00A0D5","ART-3474AC9F","mid"
"TCK-3301B8721B","ART-707AE889","mid"
"TCK-61CE6B4D7F","ART-B3E1FC82","mid"
"TCK-0EA5EF7CA6","ART-4E99B6C4","mid"
"TCK-589FFFAA25","ART-247FFA7D","mid"
"TCK-B266EE35F3","ART-A6F8609A","mid"
"TCK-2BABA6E16F","ART-DA566855","mid"
"TCK-73619FB170","ART-AF6EE40F","mid"
"TCK-48261A5DF0","ART-8FBA62D5","mid"
"TCK-329346C7C7","ART-42FF12ED","mid"
"TCK-FF4C11296B","ART-A3BC31B6","mid"
"TCK-9AB1961603","ART-247FFA7D","mid"
"TCK-0B06853B4D","ART-0695E594","mid"
"TCK-C514A52C57","ART-E7555904","mid"
"TCK-ABA30185B4","ART-500B760B","mid"
"TCK-375778AFF1","ART-F6ADC65F","mid"
"TCK-006892EEA5","ART-6C6DA1B5","mid"
"TCK-DCCFA5FDDA","ART-133ABF10","mid"
"TCK-776E9AEC33","ART-A3BC31B6","mid"
"TCK-B0415BD8EB","ART-3474AC9F","mid"
"TCK-1B0AB63DFF","ART-707AE889","mid"
"TCK-9083D2D061","ART-DBAEB060","mid"
"TCK-CC192F13EA","ART-32D9279D","mid"
"TCK-2817D083DD","ART-DBAEB060","mid"
"TCK-B19AFA5EF6","ART-81C07636","mid"
"TCK-BA5B5AB2CC","ART-062BC201","mid"
"TCK-7F5770C610","ART-87C7B85B","mid"
"TCK-E0F0DECEB1","ART-133ABF10","mid"
"TCK-61C660665B","ART-56D97CE5","mid"
"TCK-D88FCBEB0A","ART-A3BC31B6","mid"
"TCK-5599B7A973","ART-F6ADC65F","mid"
"TCK-14B2D3C54C","ART-DF333CC1","mid"
"TCK-E259939ED7","ART-250E4219","mid"
"TCK-70C16C94DD","ART-DA566855","mid"
"TCK-042D93EC20","ART-AC8C1122","mid"
"TCK-E4DB886C39","ART-3474AC9F","mid"
"TCK-FC1F607A62","ART-50619C06","mid"
"TCK-57C060B53C","ART-247FFA7D","mid"
"TCK-8B88CABD39","ART-81C07636","mid"
"TCK-F84CD8B0C2","ART-36D98801","mid"
"TCK-EACD6CAEC5","ART-50619C06","mid"
"TCK-D2A2EFDDA9","ART-57251ED0","mid"
"TCK-2A76A34C5A","ART-F55EE56F","mid"
"TCK-2BB665E702","ART-28722E0F","mid"
"TCK-5721E902F9","ART-133ABF10","mid"
"TCK-C9C1AF8AE8","ART-6C6DA1B5","mid"
"TCK-8D5F935933","ART-5DF6C3FE","mid"
"TCK-A83AD3A7AC","ART-DA566855","mid"
"TCK-F35649EC59","ART-CE5AB01A","mid"
"TCK-2B7F3EB429","ART-57251ED0","mid"
"TCK-01620339AB","ART-DBAEB060","mid"
"TCK-C42EF03C74","ART-A6F8609A","mid"
"TCK-9657F799F4","ART-133ABF10","mid"
"TCK-38562A0649","ART-FFA6BF4E","mid"
"TCK-B1524B2760","ART-82A02300","mid"
"TCK-6BB39261BC","ART-9FBB7E07","mid"
"TCK-FC7BCFA604","ART-753FF6F9","mid"
"TCK-9567A02419","ART-57251ED0","mid"
"TCK-39329739CD","ART-F03FBFE8","mid"
"TCK-22832FDD1E","ART-133ABF10","mid"
"TCK-DA5C96D4D5","ART-2380231D","mid"
"TCK-EA0670B874","ART-09F20E37","mid"
"TCK-3C6322026D","ART-CE5AB01A","mid"
"TCK-093257EA26","ART-92C2F213","mid"
"TCK-CEEC9632B2","ART-50619C06","mid"
"TCK-126C6F6D88","ART-AE43BC26","mid"
"TCK-3174472AAB","ART-00EBEDA6","mid"
"TCK-3AD6034C61","ART-87C7B85B","mid"
"TCK-749E54F859","ART-DD6049CE","mid"
"TCK-1C1FF7F9E0","ART-56D97CE5","mid"
"TCK-86B804D99F","ART-3DCED2AD","mid"
"TCK-54180C2911","ART-1078053D","mid"
"TCK-0245D3B7DA","ART-7E307077","mid"
"TCK-2F3816C364","ART-57251ED0","mid"
"TCK-D78913D077","ART-1BE32326","mid"
"TCK-4F0FDB92BD","ART-6C6DA1B5","mid"
"TCK-4FDBA4919A","ART-5DF6C3FE","mid"
"TCK-0FC9E9279B","ART-D82A809A","mid"
"TCK-7621BA35B1","ART-250E4219","mid"
"TCK-4B9A09CB3D","ART-00EBEDA6","mid"
"TCK-48D519951F","ART-DD6049CE","mid"
"TCK-9519161F93","ART-92C2F213","mid"
"TCK-B90B327E50","ART-CE5AB01A","mid"
"TCK-5F627D6B82","ART-AF6EE40F","mid"
"TCK-D89569686A","ART-3D802D4E","mid"
"TCK-6AFC8D8903","ART-B602DD4B","mid"
"TCK-575AE9AD75","ART-7E307077","mid"
"TCK-2FD9F942EC","ART-D82A809A","mid"
"TCK-E6DB593780","ART-E378315D","mid"
"TCK-12D25F1842","ART-307B9414","mid"
"TCK-6DBFDB9A10","ART-5DF6C3FE","mid"
"TCK-BF0B6491C3","ART-36D98801","mid"
"TCK-BDAAD80B01","ART-CE5AB01A","mid"
"TCK-9E361BEA68","ART-5492B28C","mid"
"TCK-DC85F47AE7","ART-42FF12ED","mid"
"TCK-8C6B817B9D","ART-28722E0F","mid"
"TCK-BCBA883AC0","ART-5492B28C","mid"
"TCK-93D5269209","ART-AE43BC26","mid"
"TCK-B7172B1892","ART-9FBB7E07","mid"
"TCK-71A834EE50","ART-F03FBFE8","mid"
"TCK-602DEFE9A4","ART-57251ED0","mid"
"TCK-035B10DAD8","ART-5DC5112C","mid"
"TCK-15701D02E4","ART-50619C06","mid"
"TCK-FD884D7647","ART-753FF6F9","mid"
"TCK-16FDC5ED36","ART-F6ADC65F","mid"
"TCK-2C32102821","ART-E7555904","mid"
"TCK-B805294532","ART-707AE889","mid"
"TCK-DD58B630B8","ART-F55EE56F","mid"
"TCK-D0CA44720C","ART-88BE5565","mid"
"TCK-EE2063C439","ART-8FBA62D5","mid"
"TCK-646FD4579F","ART-690F2CCC","mid"
"TCK-5787161ED4","ART-BF7787C4","mid"
"TCK-57D3C6665A","ART-0695E594","mid"
"TCK-55DB70FDEF","ART-DBAEB060","mid"
"TCK-7668A5E944","ART-28722E0F","mid"
"TCK-C53CDADDE0","ART-00EBEDA6","mid"
"TCK-C67CC1A325","ART-2380231D","mid"
"TCK-7DA68E8F52","ART-F6ADC65F","mid"
"TCK-D83C24E679","ART-A6F8609A","mid"
"TCK-B6D56A5735","ART-AE43BC26","mid"
"TCK-40BA2798AE","ART-50619C06","mid"
"TCK-E73219B0B7","ART-BF7787C4","mid"
"TCK-35C80B3799","ART-4A35DCFE","mid"
"TCK-A1676FE05E","ART-18BF0274","mid"
"TCK-27CF8AAFBB","ART-82A02300","mid"
"TCK-E1533FA1C2","ART-42FF12ED","mid"
"TCK-743C0CD3A3","ART-6BCECBC3","mid"
"TCK-A67A1CEB0C","ART-DD6049CE","mid"
"TCK-81E7750E73","ART-57251ED0","mid"
"TCK-E8A4295EAE","ART-F6ADC65F","mid"
"TCK-CC17B0BE43","ART-5FC8D736","mid"
"TCK-58F6B9335D","ART-82A02300","mid"
"TCK-4251F6960D","ART-30B97389","mid"
"TCK-9306195781","ART-57251ED0","mid"
"TCK-47E36626DC","ART-4E99B6C4","mid"
"TCK-2A86B34B1D","ART-87C7B85B","mid"
"TCK-63B8CDA22F","ART-707AE889","mid"
"TCK-A7BC38B2B0","ART-307B9414","mid"
"TCK-1E85B04E73","ART-0D261E6C","mid"
"TCK-446278D78D","ART-BF7787C4","mid"
"TCK-3128329295","ART-92C2F213","mid"
"TCK-BCD40F9EC3","ART-50619C06","mid"
"TCK-4396122D5B","ART-DF333CC1","mid"
"TCK-60463EF51E","ART-0695E594","mid"
"TCK-44680FCCF9","ART-250E4219","mid"
"TCK-2C6A93C540","ART-3D802D4E","mid"
"TCK-599EADCBAB","ART-FFA6BF4E","mid"
"TCK-454A909E0D","ART-EA8917E0","mid"
"TCK-A5689816F3","ART-250E4219","mid"
"TCK-6692F6043F","ART-5DC5112C","mid"
"TCK-0CB1435C32","ART-82A02300","mid"
"TCK-DFC5E8EEDB","ART-36D98801","mid"
"TCK-7600428C86","ART-87C7B85B","mid"
"TCK-7B102D8D1A","ART-A36127C2","mid"
"TCK-C35E24D89B","ART-57251ED0","mid"
"TCK-D134D6F5DF","ART-690F2CCC","mid"
"TCK-BD0B3F9C48","ART-4E99B6C4","mid"
"TCK-5E4F1E00C2","ART-DF333CC1","mid"
"TCK-D72CF6515D","ART-8FBA62D5","mid"
"TCK-FF9EE0CABD","ART-6BCECBC3","mid"
"TCK-5C5F183E50","ART-DA566855","mid"
"TCK-7153EF3762","ART-5492B28C","mid"
"TCK-A723C5D063","ART-F03FBFE8","mid"
"TCK-651EA1B520","ART-A3BC31B6","mid"
"TCK-FC4E0256A0","ART-B3E1FC82","mid"
"TCK-36CA576329","ART-0695E594","mid"
"TCK-CB3241A7A0","ART-BF7787C4","mid"
"TCK-F2BD565761","ART-57251ED0","mid"
"TCK-DBA4686E7A","ART-4A35DCFE","mid"
"TCK-85328AF667","ART-500B760B","mid"
"TCK-0EA5D53420","ART-6C6DA1B5","mid"
"TCK-59C25FF2F3","ART-CE5AB01A","mid"
"TCK-1A326BCD1A","ART-F03FBFE8","mid"
"TCK-3F4300FCF8","ART-4E99B6C4","mid"
"TCK-2FEE6F3B85","ART-32D9279D","mid"
"TCK-01863CE04B","ART-C37EBE7A","mid"
"TCK-769578C4EE","ART-4A35DCFE","mid"
"TCK-331FDE070E","ART-8FBA62D5","mid"
"TCK-4ED3B81CB9","ART-DF333CC1","mid"
"TCK-F1AFD72B8E","ART-18BF0274","mid"
"TCK-9C226A23B7","ART-28722E0F","mid"
"TCK-7217C6E6D3","ART-87C7B85B","mid"
"TCK-26A68FE22E","ART-F03FBFE8","mid"
"TCK-37600AAF79","ART-4A35DCFE","mid"
"TCK-4E7D0B95DB","ART-B602DD4B","mid"
"TCK-70BB054B10","ART-6C6DA1B5","mid"
"TCK-03B3DAA8AE","ART-3D802D4E","mid"
"TCK-53A1143B4C","ART-AF6EE40F","mid"
"TCK-24F7382E66","ART-AE43BC26","mid"
"TCK-E21D93D92C","ART-36D98801","mid"
"TCK-3B3392FF8F","ART-28847AFD","mid"
"TCK-EA3186F772","ART-AF6EE40F","mid"
"TCK-9F40CF6C11","ART-CE5AB01A","mid"
"TCK-5D3CA46ACF","ART-7E307077","mid"
"TCK-A4594CB782","ART-1078053D","mid"
"TCK-517EC6E3A0","ART-C37EBE7A","mid"
"TCK-AACA2E642B","ART-1078053D","mid"
"TCK-E7F7FD6832","ART-3474AC9F","mid"
"TCK-EE6FAD0D36","ART-AC8C1122","mid"
"TCK-119E13412A","ART-82A02300","mid"
"TCK-A2D02BC1D3","ART-B3E1FC82","mid"
"TCK-039904CB23","ART-D82A809A","mid"
"TCK-9A79730B10","ART-88BE5565","mid"
"TCK-5AB9B25B3E","ART-2380231D","mid"
"TCK-4D8ADA4D2D","ART-C37EBE7A","mid"
"TCK-6DC702AC40","ART-6BCECBC3","mid"
"TCK-8E891AD2FF","ART-88BE5565","mid"
"TCK-3D65A4985B","ART-0D261E6C","mid"
"TCK-497BAF11D6","ART-A3BC31B6","mid"
"TCK-77C746FAF1","ART-707AE889","mid"
"TCK-0BB9D0FCA7","ART-8FBA62D5","mid"
"TCK-4E49EFE66F","ART-92C2F213","mid"
"TCK-252EDB8F24","ART-6C6DA1B5","mid"
"TCK-422EFAEC81","ART-56D97CE5","mid"
"TCK-E870AB2734","ART-A36127C2","mid"
"TCK-985DDD0ECD","ART-CE5AB01A","mid"
"TCK-DB504CA58B","ART-46839B05","mid"
"TCK-CE7C5B3B4D","ART-680D0797","mid"
"TCK-97DA9C2F8A","ART-92C2F213","mid"
"TCK-AB36B3C268","ART-062BC201","mid"
"TCK-97178CF79D","ART-5492B28C","mid"
"TCK-A9316DF64A","ART-8FBA62D5","mid"
"TCK-F0306E5574","ART-A36127C2","mid"
"TCK-B4016EFB65","ART-1BE32326","mid"
"TCK-AF2B2C2ED6","ART-82A02300","mid"
"TCK-1D13894B60","ART-50619C06","mid"
"TCK-98C092690A","ART-4E99B6C4","mid"
"TCK-06CD484228","ART-DD6049CE","mid"
"TCK-26570CADF8","ART-CE5AB01A","mid"
"TCK-CAD360AA49","ART-A36127C2","mid"
"TCK-B741B5C1A2","ART-DA566855","mid"
"TCK-F607624C2D","ART-2E986668","mid"
"TCK-BBC4DC7032","ART-28722E0F","mid"
"TCK-64B90513AA","ART-3D802D4E","mid"
"TCK-387B118223","ART-CE5AB01A","mid"
"TCK-27612A2530","ART-C37EBE7A","mid"
"TCK-746F034113","ART-8FBA62D5","mid"
"TCK-4D1319BB34","ART-57251ED0","mid"
"TCK-88011AF090","ART-7E307077","mid"
"TCK-B25BDD9C6D","ART-1BE32326","mid"
"TCK-18A16D431B","ART-307B9414","mid"
"TCK-FA7D8CE394","ART-133ABF10","mid"
"TCK-B5D70DC9CB","ART-8FBA62D5","mid"
"TCK-8E2238F6A6","ART-F6ADC65F","mid"
"TCK-49312BA228","ART-28722E0F","mid"
"TCK-4D776F3444","ART-DF333CC1","mid"
"TCK-D6B4445DAB","ART-8FBA62D5","mid"
"TCK-B282956F96","ART-0D261E6C","mid"
"TCK-980D96824F","ART-2380231D","mid"
"TCK-4C1E167AA9","ART-F03FBFE8","mid"
"TCK-291F1C8A18","ART-DD6049CE","mid"
"TCK-CD16D0E0D6","ART-B3E1FC82","mid"
"TCK-59E8342FF0","ART-500B760B","mid"
"TCK-D885931E4E","ART-1078053D","mid"
"TCK-EE303CC2B2","ART-5DF6C3FE","mid"
"TCK-A3D7C1A5B2","ART-88BE5565","mid"
"TCK-FC38DEE57A","ART-D82A809A","mid"
"TCK-27730A9F87","ART-E7555904","mid"
"TCK-80D9EA48D7","ART-5DC5112C","mid"
"TCK-0637441806","ART-2380231D","mid"
"TCK-776E63C90F","ART-250E4219","mid"
"TCK-B4631D62B2","ART-3D802D4E","mid"
"TCK-D43E2999C9","ART-09F20E37","mid"
"TCK-E41035DF8B","ART-09F20E37","mid"
"TCK-2875AB363B","ART-5FC8D736","mid"
"TCK-36DDDF9E25","ART-500B760B","mid"
"TCK-C2B353E523","ART-2E986668","mid"
"TCK-66C0AFFED1","ART-2380231D","mid"
"TCK-7A4F27CF02","ART-B602DD4B","mid"
"TCK-2183686D6E","ART-133ABF10","mid"
"TCK-9DCB9AEE2B","ART-F55EE56F","mid"
"TCK-DEAC8B0012","ART-5FC8D736","mid"
"TCK-C22D927912","ART-88BE5565","mid"
"TCK-D97E8075DC","ART-EA8917E0","mid"
"TCK-3DE044ECD7","ART-56D97CE5","mid"
"TCK-2566D5A147","ART-250E4219","mid"
"TCK-33AEB97AEF","ART-0D261E6C","mid"
"TCK-357302F308","ART-E7555904","mid"
"TCK-66B7C5D956","ART-92C2F213","mid"
"TCK-F835D946D8","ART-F6ADC65F","mid"
"TCK-730BEB0DB2","ART-F55EE56F","mid"
"TCK-09D31D68B1","ART-500B760B","mid"
"TCK-EA33933469","ART-307B9414","mid"
"TCK-765F767998","ART-F6ADC65F","mid"
"TCK-9D9150B68F","ART-87C7B85B","mid"
"TCK-B5E247C4BC","ART-DF333CC1","mid"
"TCK-48ECE5876A","ART-36D98801","mid"
"TCK-27DE38BDEC","ART-28847AFD","mid"
"TCK-2A578ACC3F","ART-AC8C1122","mid"
"TCK-5CDF272BED","ART-307B9414","mid"
"TCK-F33FFEF780","ART-57251ED0","mid"
"TCK-A45F10EA96","ART-C37EBE7A","mid"
"TCK-3EB5702692","ART-5492B28C","mid"
"TCK-A478CB023E","ART-E378315D","mid"
"TCK-685D191F8D","ART-7E307077","mid"
"TCK-2E441AB554","ART-3DCED2AD","mid"
"TCK-3858D58B97","ART-F6ADC65F","mid"
"TCK-AAD27F56CA","ART-707AE889","mid"
"TCK-2B7AE737D2","ART-92C2F213","mid"
"TCK-D27A6EA3F1","ART-8FBA62D5","mid"
"TCK-9CC2AF3FA5","ART-D82A809A","mid"
"TCK-CA3F740638","ART-6C6DA1B5","mid"
"TCK-55D41F19E7","ART-B602DD4B","mid"
"TCK-4F295DF14F","ART-614BE463","mid"
"TCK-DB4607C005","ART-062BC201","mid"
"TCK-D9AF7BF1CC","ART-A6F8609A","mid"
"TCK-1D2EDEE559","ART-5DF6C3FE","mid"
"TCK-E30391D005","ART-D82A809A","mid"
"TCK-00532A1397","ART-5FC8D736","mid"
"TCK-AD050DF652","ART-9FBB7E07","mid"
"TCK-70EAACA995","ART-42FF12ED","mid"
"TCK-93D63E353A","ART-A6F8609A","mid"
"TCK-86C66016F0","ART-F6ADC65F","mid"
"TCK-092E2252BE","ART-A6F8609A","mid"
"TCK-75B5E1A893","ART-690F2CCC","mid"
"TCK-B3BA900732","ART-BF7787C4","mid"
"TCK-9262768CC0","ART-50619C06","mid"
"TCK-713224E161","ART-50619C06","mid"
"TCK-FCFB7CC23B","ART-5492B28C","mid"
"TCK-5C080BCF1B","ART-50619C06","mid"
"TCK-95DC564B9B","ART-690F2CCC","mid"
"TCK-C39A7425AA","ART-7E307077","mid"
"TCK-CB0AD7D7ED","ART-09F20E37","mid"
"TCK-A241980C42","ART-F6ADC65F","mid"
"TCK-154350F033","ART-5DF6C3FE","mid"
"TCK-524262DFD2","ART-062BC201","mid"
"TCK-13D9EDB76A","ART-133ABF10","mid"
"TCK-42090C1CD2","ART-DA566855","mid"
"TCK-DF48F3BD22","ART-1078053D","mid"
"TCK-943202E22F","ART-87C7B85B","mid"
"TCK-52F5AFD03F","ART-A36127C2","mid"
"TCK-FC5E4D41B2","ART-2E986668","mid"
"TCK-40C8E6F3A5","ART-87C7B85B","mid"
"TCK-81A32B8648","ART-6C6DA1B5","mid"
"TCK-7AD48F3B27","ART-500B760B","mid"
"TCK-48A977F5F7","ART-707AE889","mid"
"TCK-B691D83E87","ART-A36127C2","mid"
"TCK-C2AB19E4E4","ART-A6F8609A","mid"
"TCK-599CD4332D","ART-50619C06","mid"
"TCK-18F7786AF9","ART-307B9414","mid"
"TCK-6CABF80D04","ART-7E307077","mid"
"TCK-7B3F8334B2","ART-46839B05","mid"
"TCK-FF407DF09F","ART-09F20E37","mid"
"TCK-C4B5E622B7","ART-A6F8609A","mid"
"TCK-3327C8BA7A","ART-AF6EE40F","mid"
"TCK-E9B8FFCB74","ART-0695E594","mid"
"TCK-35800AE3B5","ART-753FF6F9","mid"
"TCK-51B7D4B4D5","ART-87C7B85B","mid"
"TCK-71F9601607","ART-F03FBFE8","mid"
"TCK-B3B42D7C2D","ART-8FBA62D5","mid"
"TCK-442E3C1736","ART-8FBA62D5","mid"
"TCK-F955136DA9","ART-8FBA62D5","mid"
"TCK-A3104723F1","ART-5DF6C3FE","mid"
"TCK-CD08FDB491","ART-EA8917E0","mid"
"TCK-398188D85E","ART-81C07636","mid"
"TCK-BEB18D73C4","ART-1BE32326","mid"
"TCK-70EA7F96F4","ART-500B760B","mid"
"TCK-B924D47B29","ART-BF7787C4","mid"
"TCK-E855F020F4","ART-CE5AB01A","mid"
"TCK-3AB38AC927","ART-5FC8D736","mid"
"TCK-F7146D2F17","ART-250E4219","mid"
"TCK-F874E4FFCD","ART-32D9279D","mid"
"TCK-FC136461C6","ART-E7555904","mid"
"TCK-4DEEA041B3","ART-3474AC9F","mid"
"TCK-EF8FDFAA5D","ART-B602DD4B","mid"
"TCK-E614FBE16C","ART-0695E594","mid"
"TCK-9B4E657945","ART-88BE5565","mid"
"TCK-160657FC52","ART-D82A809A","mid"
"TCK-75B9ABE8AD","ART-250E4219","mid"
"TCK-5A06A4D39B","ART-1BE32326","mid"
"TCK-CD34225C93","ART-5492B28C","mid"
"TCK-8EC0E5298A","ART-9FBB7E07","mid"
"TCK-6DBAEA8E5C","ART-133ABF10","mid"
"TCK-70BA208E94","ART-DBAEB060","mid"
"TCK-F38522E56E","ART-F6ADC65F","mid"
"TCK-2BCA7E96B7","ART-36D98801","mid"
"TCK-AB5D888DFA","ART-0695E594","mid"
"TCK-D2BEA02D26","ART-36D98801","mid"
"TCK-43FFC9C39E","ART-707AE889","mid"
"TCK-DA57F7A83F","ART-AC8C1122","mid"
"TCK-FF183C5E10","ART-062BC201","mid"
"TCK-15596D6183","ART-247FFA7D","mid"
"TCK-83651F7AF0","ART-5DF6C3FE","mid"
"TCK-82A0A0E1A3","ART-36D98801","mid"
"TCK-B23AF23323","ART-2E986668","mid"
"TCK-351A7A709E","ART-6C6DA1B5","mid"
"TCK-A44EE3D30D","ART-B602DD4B","mid"
"TCK-1349270069","ART-B602DD4B","mid"
"TCK-54947D29F6","ART-32D9279D","mid"
"TCK-B259F3D20A","ART-250E4219","mid"
"TCK-D9A1C15A0F","ART-81C07636","mid"
"TCK-AAD621EF92","ART-82A02300","mid"
"TCK-D1F83BCC22","ART-E7555904","mid"
"TCK-FA5B7E0904","ART-57251ED0","mid"
"TCK-45D9F17260","ART-28722E0F","mid"
"TCK-2CA64938EB","ART-A6F8609A","mid"
"TCK-557724FA7D","ART-CE5AB01A","mid"
"TCK-10B4E2CD76","ART-6BCECBC3","mid"
"TCK-01438CBE8A","ART-8FBA62D5","mid"
"TCK-002C1F74C5","ART-062BC201","mid"
"TCK-A1AFD7A4DF","ART-3D802D4E","mid"
"TCK-5B155CC93F","ART-F6ADC65F","mid"
"TCK-B7D5EF33C7","ART-3D802D4E","mid"
"TCK-B18357BACC","ART-28722E0F","mid"
"TCK-6429BB96F2","ART-614BE463","mid"
"TCK-DE2BAB1834","ART-DD6049CE","mid"
"TCK-CA94704E6F","ART-4E99B6C4","mid"
"TCK-66910B018B","ART-A6F8609A","mid"
"TCK-C6F7EA2197","ART-92C2F213","mid"
"TCK-9A2779739F","ART-1BE32326","mid"
"TCK-13F6713D18","ART-250E4219","mid"
"TCK-215C677F93","ART-0695E594","mid"
"TCK-BF888B5017","ART-8FBA62D5","mid"
"TCK-D9CDC01C53","ART-0D261E6C","mid"
"TCK-937A7AF370","ART-BF7787C4","mid"
"TCK-E3CFFB4EEE","ART-4A35DCFE","mid"
"TCK-0D0730BECB","ART-36D98801","mid"
"TCK-E92C4BE136","ART-247FFA7D","mid"
"TCK-2BA5821B96","ART-2380231D","mid"
"TCK-0E938945C3","ART-133ABF10","mid"
"TCK-9F0D702E8D","ART-28722E0F","mid"
"TCK-F391E77C2D","ART-28847AFD","mid"
"TCK-1F83233FCF","ART-18BF0274","mid"
"TCK-4587B01633","ART-D82A809A","mid"
"TCK-2A26645826","ART-753FF6F9","mid"
"TCK-A84AA4CFD3","ART-1BE32326","mid"
"TCK-FAE714FDDE","ART-AF6EE40F","mid"
"TCK-29C894E3D2","ART-18BF0274","mid"
"TCK-D8A6866203","ART-46839B05","mid"
"TCK-C8A9ACDC25","ART-A36127C2","mid"
"TCK-33510D6EAD","ART-2E986668","mid"
"TCK-2B43134574","ART-B602DD4B","mid"
"TCK-BEBB6D2E7F","ART-30B97389","mid"
"TCK-1005B4FC65","ART-AC8C1122","mid"
"TCK-604B365E9F","ART-BF7787C4","mid"
"TCK-08F28AFAEC","ART-88BE5565","mid"
"TCK-9406E1D001","ART-4A35DCFE","mid"
"TCK-E325A4BD68","ART-A6F8609A","mid"
"TCK-9262272ADF","ART-28847AFD","mid"
"TCK-F1B1D99DAC","ART-42FF12ED","mid"
"TCK-3094C2C433","ART-1078053D","mid"
"TCK-B3E85EE459","ART-30B97389","mid"
"TCK-DED4454A69","ART-FFA6BF4E","mid"
"TCK-100E08825A","ART-A3BC31B6","mid"
"TCK-883E1755F7","ART-F6ADC65F","mid"
"TCK-C834575AC6","ART-4E99B6C4","mid"
"TCK-A2B0E99176","ART-36D98801","mid"
"TCK-E0E8712DCE","ART-5492B28C","mid"
"TCK-FEA20FFF27","ART-AC8C1122","mid"
"TCK-8D5ED473A4","ART-5492B28C","mid"
"TCK-33B6FA0D12","ART-CE5AB01A","mid"
"TCK-7D09CBC1FE","ART-AC8C1122","mid"
"TCK-A622747913","ART-B3E1FC82","mid"
"TCK-690F0E21B1","ART-3D802D4E","mid"
"TCK-4F651ACC6D","ART-E378315D","mid"
"TCK-443AE42A63","ART-B3E1FC82","mid"
"TCK-D8DB163C7D","ART-42FF12ED","mid"
"TCK-C4D23D2EB0","ART-CE5AB01A","mid"
"TCK-A6976C152A","ART-1BE32326","mid"
"TCK-AF294C655B","ART-A3BC31B6","mid"
"TCK-60FA2F1667","ART-50619C06","mid"
"TCK-C5AD89601A","ART-46839B05","mid"
"TCK-1F9FCDE17C","ART-690F2CCC","mid"
"TCK-47937DCCD5","ART-28847AFD","mid"
"TCK-E5DBA1F636","ART-88BE5565","mid"
"TCK-9932B33949","ART-A36127C2","mid"
"TCK-B3ED703BF3","ART-DF333CC1","mid"
"TCK-A8AE1CDC2C","ART-F55EE56F","mid"
"TCK-49DE4EE0C8","ART-B602DD4B","mid"
"TCK-CE2ED53BC5","ART-250E4219","mid"
"TCK-D4E31563FB","ART-133ABF10","mid"
"TCK-09A66AA8B7","ART-5FC8D736","mid"
"TCK-8E18B2A248","ART-E378315D","mid"
"TCK-B3F94B3B35","ART-32D9279D","mid"
"TCK-E034C9D0E7","ART-133ABF10","mid"
"TCK-BD313F03AB","ART-614BE463","mid"
"TCK-69E0B6C179","ART-F55EE56F","mid"
"TCK-AD9355EED7","ART-3474AC9F","mid"
"TCK-3B0899C7AB","ART-3D802D4E","mid"
"TCK-E94AD64CD6","ART-81C07636","mid"
"TCK-B7731380A6","ART-18BF0274","mid"
"TCK-8BB015688A","ART-18BF0274","mid"
"TCK-01564C6D3C","ART-680D0797","mid"
"TCK-316E76AD2A","ART-28847AFD","mid"
"TCK-FDA4DA7611","ART-5DF6C3FE","mid"
"TCK-E0C6A2AE40","ART-133ABF10","mid"
"TCK-D1CC7C203E","ART-4A35DCFE","mid"
"TCK-2C44E52463","ART-B3E1FC82","mid"
"TCK-9A6270C3F1","ART-28722E0F","mid"
"TCK-BA513AD277","ART-56D97CE5","mid"
"TCK-8D11EA6372","ART-A6F8609A","mid"
"TCK-D52B2BA1B4","ART-E378315D","mid"
"TCK-A9BDBE67E6","ART-9FBB7E07","mid"
"TCK-6B10B451BA","ART-F03FBFE8","mid"
"TCK-AB876E649E","ART-A6F8609A","mid"
"TCK-A67242AB64","ART-7E307077","mid"
"TCK-1EE091D3E6","ART-3474AC9F","mid"
"TCK-7F53791C6B","ART-3474AC9F","mid"
"TCK-95860514DF","ART-30B97389","mid"
"TCK-2E3EC1093F","ART-EA8917E0","mid"
"TCK-C5F7110D01","ART-500B760B","mid"
"TCK-E561B8FB14","ART-A6F8609A","mid"
"TCK-A09C20C90D","ART-4E99B6C4","mid"
"TCK-94B3CE0017","ART-CE5AB01A","mid"
"TCK-EEA2E77AC7","ART-88BE5565","mid"
"TCK-7A243B2C1C","ART-5DC5112C","mid"
"TCK-894B8CD4EE","ART-8FBA62D5","mid"
"TCK-7793121DD8","ART-6C6DA1B5","mid"
"TCK-8BE9FF2763","ART-0695E594","mid"
"TCK-20F5A7E95E","ART-F55EE56F","mid"
"TCK-8B677A7DD0","ART-F55EE56F","mid"
"TCK-B557CE75C6","ART-F6ADC65F","mid"
"TCK-54B24AD57C","ART-250E4219","mid"
"TCK-2FB4303006","ART-28847AFD","mid"
"TCK-11CD34584B","ART-46839B05","mid"
"TCK-C62617B3EB","ART-BF7787C4","mid"
"TCK-92431D8E95","ART-88BE5565","mid"
"TCK-691FEAE6BA","ART-8FBA62D5","mid"
"TCK-175DEE9DD1","ART-50619C06","mid"
"TCK-EC2BF9FDFC","ART-3474AC9F","mid"
"TCK-0DEE6454C0","ART-9FBB7E07","mid"
"TCK-80C0B454EF","ART-B3E1FC82","mid"
"TCK-1C2EABB84F","ART-247FFA7D","mid"
"TCK-3A2EB3473C","ART-D82A809A","mid"
"TCK-5A4401867D","ART-3D802D4E","mid"
"TCK-D853AEEF00","ART-0D261E6C","mid"
"TCK-6CBEF7CAC4","ART-247FFA7D","mid"
"TCK-08E97543DB","ART-30B97389","mid"
"TCK-C97F371752","ART-28722E0F","mid"
"TCK-A75CFEE842","ART-3D802D4E","mid"
"TCK-D739F83922","ART-250E4219","mid"
"TCK-3EDFE2D928","ART-2E986668","mid"
"TCK-A7252A0F93","ART-A36127C2","mid"
"TCK-B4CFE1C395","ART-5DF6C3FE","mid"
"TCK-67304D4D4E","ART-A3BC31B6","mid"
"TCK-729C603549","ART-CE5AB01A","mid"
"TCK-75C9B5948F","ART-2E986668","mid"
"TCK-582BCF1279","ART-D82A809A","mid"
"TCK-C165B73A96","ART-DA566855","mid"
"TCK-85B159D9E7","ART-8FBA62D5","mid"
"TCK-0F685D0E5D","ART-DBAEB060","mid"
"TCK-EB1EE17FB4","ART-6C6DA1B5","mid"
"TCK-8D9E07C59C","ART-D82A809A","mid"
"TCK-2CEDF3AF58","ART-F6ADC65F","mid"
"TCK-23C07A1C60","ART-00EBEDA6","mid"
"TCK-5D5627B598","ART-3D802D4E","mid"
"TCK-DC18EB9725","ART-690F2CCC","mid"
"TCK-0A00E314A2","ART-F6ADC65F","mid"
"TCK-B6AFC3FFC5","ART-00EBEDA6","mid"
"TCK-E261B2E47C","ART-D82A809A","mid"
"TCK-D61EEF1C02","ART-680D0797","mid"
"TCK-EF5354CB49","ART-3D802D4E","mid"
"TCK-9C4A9E6A10","ART-8FBA62D5","mid"
"TCK-D99A2A35CF","ART-DA566855","mid"
"TCK-30603AF8F0","ART-DA566855","mid"
"TCK-CD30447831","ART-42FF12ED","mid"
"TCK-A9C1454F06","ART-AF6EE40F","mid"
"TCK-21F6917FB8","ART-5492B28C","mid"
"TCK-7A82A608FB","ART-250E4219","mid"
"TCK-0BBDCC034A","ART-3DCED2AD","mid"
"TCK-DDCA967446","ART-18BF0274","mid"
"TCK-6C80E67A60","ART-4E99B6C4","mid"
"TCK-699754F221","ART-36D98801","mid"
"TCK-271A434BC9","ART-5FC8D736","mid"
"TCK-6404E738A3","ART-307B9414","mid"
"TCK-BB42B562D7","ART-DD6049CE","mid"
"TCK-9C8FE7B214","ART-707AE889","mid"
"TCK-1180E52F9A","ART-36D98801","mid"
"TCK-246D1D0355","ART-FFA6BF4E","mid"
"TCK-DC2C6BA550","ART-F03FBFE8","mid"
"TCK-22D24238B8","ART-DBAEB060","mid"
"TCK-D5F8BAF1F9","ART-4A35DCFE","mid"
"TCK-47EB8206E9","ART-250E4219","mid"
"TCK-48097B6D9E","ART-36D98801","mid"
"TCK-CD9B1235ED","ART-A36127C2","mid"
"TCK-CBF2E2E509","ART-87C7B85B","mid"
"TCK-AB49B3FFDE","ART-680D0797","mid"
"TCK-06992B0204","ART-0695E594","mid"
"TCK-13A1166F24","ART-18BF0274","mid"
"TCK-0E7305B717","ART-DBAEB060","mid"
"TCK-DBEEE9B0E9","ART-DA566855","mid"
"TCK-4E9F8766C3","ART-30B97389","mid"
"TCK-50133E88DD","ART-57251ED0","mid"
"TCK-93621EF720","ART-247FFA7D","mid"
"TCK-7FD06DE679","ART-247FFA7D","mid"
"TCK-1FB8DA66EA","ART-614BE463","mid"
"TCK-5AA984DAA6","ART-D82A809A","mid"
"TCK-71DF1C4684","ART-32D9279D","mid"
"TCK-3264F732A0","ART-0D261E6C","mid"
"TCK-3619D94388","ART-2E986668","mid"
"TCK-03DEA62EDA","ART-707AE889","mid"
"TCK-A17BC45398","ART-09F20E37","mid"
"TCK-A18684F53D","ART-4A35DCFE","mid"
"TCK-B0B5F17EDC","ART-42FF12ED","mid"
"TCK-B04CB75AED","ART-3D802D4E","mid"
"TCK-FB12F5CEEF","ART-BF7787C4","mid"
"TCK-286F85DCEE","ART-36D98801","mid"
"TCK-ABB3620B9A","ART-AF6EE40F","mid"
"TCK-E424287D3A","ART-BF7787C4","mid"
"TCK-D6F8B86830","ART-5492B28C","mid"
"TCK-8790AECB1B","ART-6BCECBC3","mid"
"TCK-51BAB337D2","ART-B602DD4B","mid"
"TCK-E67637EE58","ART-7E307077","mid"
"TCK-872479F6F0","ART-DBAEB060","mid"
"TCK-CFF663925B","ART-57251ED0","mid"
"TCK-6B947BD5A6","ART-B3E1FC82","mid"
"TCK-5DB8CD6B6C","ART-3D802D4E","mid"
"TCK-AEED199CB5","ART-DA566855","mid"
"TCK-569B60B516","ART-A36127C2","mid"
"TCK-6C22CCECD7","ART-5492B28C","mid"
"TCK-8FD99D2F6A","ART-36D98801","mid"
"TCK-319E46998A","ART-8FBA62D5","mid"
"TCK-774F7B9540","ART-4E99B6C4","mid"
"TCK-FB5545FFA9","ART-AF6EE40F","mid"
"TCK-AFC15EDC38","ART-250E4219","mid"
"TCK-4273E76FD3","ART-5FC8D736","mid"
"TCK-F6AB113F19","ART-500B760B","mid"
"TCK-B35C81CFDA","ART-42FF12ED","mid"
"TCK-B931AD5E0E","ART-5492B28C","mid"
"TCK-BF5324EB98","ART-C37EBE7A","mid"
"TCK-E00D25089E","","low"
"TCK-874BE9001C","","low"
"TCK-C81F8481DA","","low"
"TCK-35D82BDD5E","","low"
"TCK-EE7F95F9FE","","low"
"TCK-F1C9CCEAF6","","low"
"TCK-0C524BA102","","low"
"TCK-F55B60A435","","low"
"TCK-91E31CF1B9","","low"
"TCK-2084344FF8","","low"
"TCK-D44DE32C4B","","low"
"TCK-ED70E3CB57","","low"
"TCK-16528AB436","","low"
"TCK-2F32660F7E","","low"
"TCK-B4456ACBB1","","low"
"TCK-477CCEE5E3","","low"
"TCK-BB78601487","","low"
"TCK-C883726519","","low"
"TCK-09D94C4E52","","low"
"TCK-4FA32A1579","","low"
"TCK-6C812F5CED","","low"
"TCK-0770741EE2","","low"
"TCK-D25CF5AE3E","","low"
"TCK-A46148CAD2","","low"
"TCK-4E2C01D724","","low"
"TCK-BF0903CCF7","","low"
"TCK-376A0E23AF","","low"
"TCK-D036FE43D7","","low"
"TCK-F4865C8C7D","","low"
"TCK-07E2CD8304","","low"
"TCK-A1D585AF32","","low"
"TCK-B8E024A449","","low"
"TCK-0AF454A873","","low"
"TCK-B855E7CC5B","","low"
"TCK-A7C4756189","","low"
"TCK-CA18D596F2","","low"
"TCK-FDBFA9D8E6","","low"
"TCK-2894FEBC13","","low"
"TCK-612BB53F4E","","low"
"TCK-A65EFEF169","","low"
"TCK-CAAB4ECA1C","","low"
"TCK-7061A374F4","","low"
"TCK-8C253AC181","","low"
"TCK-CAB5B75B7D","","low"
"TCK-B32A6F98EF","","low"
"TCK-55AD602D78","","low"
"TCK-522ED645B0","","low"
"TCK-4833E7A21C","","low"
"TCK-3AA2C107D2","","low"
"TCK-2AF651FFEA","","low"
"TCK-8D7862164E","","low"
"TCK-91F9D13DBC","","low"
"TCK-BCA93D4970","","low"
"TCK-3E20A4D410","","low"
"TCK-DCB95D2589","","low"
"TCK-926F76D599","","low"
"TCK-40E8A78D2B","","low"
"TCK-FFEE7656B8","","low"
"TCK-84E2DFB95B","","low"
"TCK-66B2F973F6","","low"
"TCK-473F035BB3","","low"
"TCK-6580BF5743","","low"
"TCK-DD35E64D48","","low"
"TCK-1686C8E04B","","low"
"TCK-BBAE70D8B8","","low"
"TCK-F6881D10FF","","low"
"TCK-EF6EBEC981","","low"
"TCK-FEC7C48EFC","","low"
"TCK-2F4D90739E","","low"
"TCK-44449EBD15","","low"
"TCK-FB8519F495","","low"
"TCK-7023D8EBEC","","low"
"TCK-119FCFAA5B","","low"
"TCK-1AB527E88F","","low"
"TCK-4AFB7F7C5F","","low"
"TCK-892CC0D72A","","low"
"TCK-4052B5924F","","low"
"TCK-6B881D63A7","","low"
"TCK-02772025FE","","low"
"TCK-E77A820E84","","low"
"TCK-445D41A17F","","low"
"TCK-F0305A3970","","low"
"TCK-377E3594D7","","low"
"TCK-CBBBFF4D77","","low"
"TCK-36B7BC0775","","low"
"TCK-553CE6D66B","","low"
"TCK-4B22C4E3F6","","low"
"TCK-D5E62C59C6","","low"
"TCK-4E3102BBA9","","low"
"TCK-3F689679B9","","low"
"TCK-3D316E7FA0","","low"
"TCK-8279FD03DD","","low"
"TCK-305A03DEEE","","low"
"TCK-C2DAECDE98","","low"
"TCK-0B13D12E53","","low"
"TCK-77C9F58B61","","low"
"TCK-49259D0BAA","","low"
"TCK-45A9C39B74","","low"
"TCK-8AC3FD4027","","low"
"TCK-26180616AC","","low"
"TCK-689624BC61","","low"
"TCK-F72F32C31D","","low"
"TCK-2A7779FB98","","low"
"TCK-458417FC2C","","low"
"TCK-7C14A18035","","low"
"TCK-0758C59595","","low"
"TCK-378D5ECC94","","low"
"TCK-FAC3F72A07","","low"
"TCK-8A2DC4CB8F","","low"
"TCK-2EC3FAE643","","low"
"TCK-F219BAEF35","","low"
"TCK-44BDF6B9F2","","low"
"TCK-B9F108B394","","low"
"TCK-55CC9E7CB5","","low"
"TCK-3783A49569","","low"
"TCK-1B995015F5","","low"
"TCK-F8DA63747B","","low"
"TCK-6E41CB25B2","","low"
"TCK-03F47CD61D","","low"
"TCK-76ADB003F6","","low"
"TCK-12DD52BB9A","","low"
"TCK-4F6975B3FA","","low"
"TCK-8B4544D37D","","low"
"TCK-205B0180A6","","low"
"TCK-88C6726ADA","","low"
"TCK-64E12A05CE","","low"
"TCK-1CCE1FB31F","","low"
"TCK-335B9BF367","","low"
"TCK-7950A3E40A","","low"
"TCK-76559DEC54","","low"
"TCK-5380DB6299","","low"
"TCK-9A23FE31ED","","low"
"TCK-2424719B6F","","low"
"TCK-527C1189FE","","low"
"TCK-A639E08926","","low"
"TCK-B337D09409","","low"
"TCK-AEB6B5D0BA","","low"
"TCK-340FA36D29","","low"
"TCK-8FF94CFAA9","","low"
"TCK-CEAC546B1A","","low"
"TCK-1C83DBA1AF","","low"
"TCK-1109DFEAEA","","low"
"TCK-7063137A66","","low"
"TCK-BC5FEE3A65","","low"
"TCK-CFB6158E07","","low"
"TCK-E3F7B13C79","","low"
"TCK-1BD9E9515A","","low"
"TCK-83E0712553","","low"
"TCK-9F03EE9034","","low"
"TCK-D50CFDB892","","low"
"TCK-857480AFBC","","low"
"TCK-4EB15F7D9C","","low"
"TCK-E9235ACED3","","low"
"TCK-C142930609","","low"
"TCK-A9E8516598","","low"
"TCK-EEA7152F86","","low"
"TCK-5A5F4852D7","","low"
"TCK-C48AF5F3A0","","low"
"TCK-56D6DB6EE4","","low"
"TCK-39F3257660","","low"
"TCK-4EA5965D93","","low"
"TCK-FA999EF161","","low"
"TCK-BCF1EB8456","","low"
"TCK-CFE6107BFF","","low"
"TCK-B011A7F155","","low"
"TCK-74F98DCA3E","","low"
"TCK-A269F965E8","","low"
"TCK-7B7D5891B9","","low"
"TCK-54D8CE750C","","low"
"TCK-A1F4E67635","","low"
"TCK-58A2C21BB3","","low"
"TCK-67E0F162AB","","low"
"TCK-724A7FC588","","low"
"TCK-60501B7D08","","low"
"TCK-2EE0E36050","","low"
"TCK-E5F3DCED7C","","low"
"TCK-E87AEC56B0","","low"
"TCK-ED5FF43C09","","low"
"TCK-FEA3D80DD6","","low"
"TCK-E3D439C3A6","","low"
"TCK-5A56A87A39","","low"
"TCK-89CB15A7A1","","low"
"TCK-6EC0CDDB7B","","low"
"TCK-BB8944E112","","low"
"TCK-41CDFDF19E","","low"
"TCK-00D60BF84D","","low"
"TCK-FAE9F6FB2B","","low"
"TCK-884B2219A6","","low"
"TCK-D0DB3D0EFD","","low"
"TCK-3687FFCC36","","low"
"TCK-AB76D424AD","","low"
"TCK-27F8262053","","low"
"TCK-FA89A12F6C","","low"
"TCK-A63E9F192A","","low"
"TCK-D535765B61","","low"
"TCK-687FBBEEE2","","low"
"TCK-A2B271D285","","low"
"TCK-50B7C502DF","","low"
"TCK-D96449D57C","","low"
"TCK-6F945B033A","","low"
"TCK-FFC0A30E5D","","low"
"TCK-22D4C4AC10","","low"
"TCK-A2BC122AEB","","low"
"TCK-DF8691BF0B","","low"
"TCK-AF299CA775","","low"
"TCK-D6B8BE3DCD","","low"
"TCK-8DB639F6C3","","low"
"TCK-3ED5996A97","","low"
"TCK-6BAEEF49D7","","low"
"TCK-EA3313C32F","","low"
"TCK-EE30D5FF07","","low"
"TCK-545AF17959","","low"
"TCK-1A01A5D73C","","low"
"TCK-7A52563153","","low"
"TCK-10E583352B","","low"
"TCK-8FDD1D2AC2","","low"
"TCK-46FE828AE6","","low"
"TCK-7AAE5B2734","","low"
"TCK-55C4D61E2F","","low"
"TCK-57353EABC5","","low"
"TCK-89BAE0CBA2","","low"
"TCK-1C15A50C5F","","low"
"TCK-FAF6D7CF45","","low"
"TCK-FF53BED9A3","","low"
"TCK-20ECDBD8E7","","low"
"TCK-A369B1F559","","low"
"TCK-D4615E46AF","","low"
"TCK-9FBEE08AE1","","low"
"TCK-7AB0AD1809","","low"
"TCK-345F683DE6","","low"
"TCK-9E19022B0E","","low"
"TCK-487EFD49CA","","low"
"TCK-76D9EB6465","","low"
"TCK-E1D277C9B7","","low"
"TCK-4407821452","","low"
"TCK-4E9504A0B8","","low"
"TCK-6015CC703A","","low"
"TCK-12F410B9BE","","low"
"TCK-5F8E6E81A9","","low"
"TCK-19756705FD","","low"
"TCK-849701D7B9","","low"
"TCK-F08CB59F0B","","low"
"TCK-33F0E2E733","","low"
"TCK-94ECE2710D","","low"
"TCK-6B8AD31B1F","","low"
"TCK-28FF910FB6","","low"
"TCK-D2C1CC3C5B","","low"
"TCK-5010A994C2","","low"
"TCK-F49D13DF90","","low"
"TCK-1E2349E2CD","","low"
"TCK-503A8EF890","","low"
"TCK-7B9572221F","","low"
"TCK-8356DB3EB6","","low"
"TCK-137CF115BE","","low"
"TCK-854DDC5305","","low"
"TCK-5D495FCD95","","low"
"TCK-48CC15359C","","low"
"TCK-9ECCB7E5A4","","low"
"TCK-C0A74D2503","","low"
"TCK-D8FAD1CE3F","","low"
"TCK-D0DA320366","","low"
"TCK-2A2AA25A2B","","low"
"TCK-2703C0E2CD","","low"
"TCK-7900D9F038","","low"
"TCK-BABE0630C5","","low"
"TCK-5792A50669","","low"
"TCK-7BE8EE6334","","low"
"TCK-ABFBAF7C87","","low"
"TCK-0BE00D6325","","low"
"TCK-EC7F0FD67D","","low"
"TCK-3F8385E2AC","","low"
"TCK-56E55D5CC3","","low"
"TCK-21C0DCD350","","low"
"TCK-BC4A115369","","low"
"TCK-550BBD849B","","low"
"TCK-E4E7D0AC41","","low"
"TCK-0C66743CC8","","low"
"TCK-D61B20EBE5","","low"
"TCK-5FE213431D","","low"
"TCK-25560F9D59","","low"
"TCK-C26D593DD1","","low"
"TCK-7EB51A9AC0","","low"
"TCK-0ABE6301FB","","low"
"TCK-18CC428E58","","low"
"TCK-2C68D06935","","low"
"TCK-4CE03D3153","","low"
"TCK-97B3FCF89E","","low"
"TCK-A3984033C6","","low"
"TCK-48A91BFC49","","low"
"TCK-879F23F0E0","","low"
"TCK-98DAC05A43","","low"
"TCK-0390A0F15F","","low"
"TCK-09FF378A20","","low"
"TCK-04B29B091A","","low"
"TCK-5B8E3BC8CF","","low"
"TCK-B2E3F41C5D","","low"
"TCK-53F309E9C6","","low"
"TCK-6671E12E31","","low"
"TCK-EF32820C0B","","low"
"TCK-2490FCCEE2","","low"
"TCK-9E6D33349E","","low"
"TCK-A5699F179E","","low"
"TCK-6BA4C0F11B","","low"
"TCK-0928B0E5A8","","low"
"TCK-0478383805","","low"
"TCK-E4AD88C068","","low"
"TCK-77AC62766C","","low"
"TCK-D9FC8B87B5","","low"
"TCK-B7E241FD0B","","low"
"TCK-A1B02BC9E7","","low"
"TCK-ADC4C08159","","low"
"TCK-A5F133EBA3","","low"
"TCK-3A5E4B7CD0","","low"
"TCK-5375272FAB","","low"
"TCK-6F98F502CE","","low"
"TCK-8BC3F2E069","","low"
"TCK-1DD2AF4BAE","","low"
"TCK-D45292C684","","low"
"TCK-57BAA201BD","","low"
"TCK-99F0BA5162","","low"
"TCK-D09FFE3C77","","low"
"TCK-D788CEB61E","","low"
"TCK-B2C62FE1EC","","low"
"TCK-EE6F1D3F92","","low"
"TCK-A039597D39","","low"
"TCK-3A485EE72F","","low"
"TCK-FB517A03A1","","low"
"TCK-44045287E5","","low"
"TCK-ADE9D56711","","low"
"TCK-28C980DF53","","low"
"TCK-04741AE8DC","","low"
"TCK-0BF67FBD47","","low"
"TCK-8C0A11DAD9","","low"
"TCK-A5A76FFA06","","low"
"TCK-A390A39CD4","","low"
"TCK-3E549406D0","","low"
"TCK-DC31739CD2","","low"
"TCK-21FBD24D0A","","low"
"TCK-DE485CDAA4","","low"
"TCK-E88B892370","","low"
"TCK-079E9808A8","","low"
"TCK-11D4B88B02","","low"
"TCK-70471F3097","","low"
"TCK-0C737C5BD1","","low"
"TCK-B2F199D83E","","low"
"TCK-70965FF047","","low"
"TCK-5C29C82A90","","low"
"TCK-F6E6160642","","low"
"TCK-E184F4B96B","","low"
"TCK-63152DCA4C","","low"
"TCK-3C32C7878C","","low"
"TCK-4A96D04697","","low"
"TCK-ABC54BD33D","","low"
"TCK-F035E7BC69","","low"
"TCK-F9FB9BA942","","low"
"TCK-9E3F9D6CC7","","low"
"TCK-F507811AE6","","low"
"TCK-CE3B0712E3","","low"
"TCK-D974FB7BFE","","low"
"TCK-C8BC62B5F0","","low"
"TCK-D8C447CCC6","","low"
"TCK-8C953604E7","","low"
"TCK-1BF7135F3A","","low"
"TCK-5F71FEDF7C","","low"
"TCK-C72F542C44","","low"
"TCK-699859A43B","","low"
"TCK-DC21A41B86","","low"
"TCK-7147466EB2","","low"
"TCK-47642B204C","","low"
"TCK-6C80C022E2","","low"
"TCK-EC08A5F9EF","","low"
"TCK-96ECF1B790","","low"
"TCK-F6167267C1","","low"
"TCK-51E8D19B5A","","low"
"TCK-3B9F0FF635","","low"
"TCK-99E4BA867C","","low"
"TCK-3356346B67","","low"
"TCK-2CE7785791","","low"
"TCK-8358FF8D5C","","low"
"TCK-559E86052F","","low"
"TCK-F5DA019236","","low"
"TCK-20FA8495CE","","low"
"TCK-05C4418078","","low"
"TCK-172259978C","","low"
"TCK-56B642518F","","low"
"TCK-0AB9634969","","low"
"TCK-BC2F719870","","low"
"TCK-30CB61AB2C","","low"
"TCK-F2D9584EDE","","low"
"TCK-FDFD74A509","","low"
"TCK-FC55B22A18","","low"
"TCK-BB8E9A0218","","low"
"TCK-F0A40B2F5A","","low"
"TCK-834E61B8B7","","low"
"TCK-32562E77EA","","low"
"TCK-4EC75AF48B","","low"
"TCK-1B6A8F9C16","","low"
"TCK-24260E4301","","low"
"TCK-71CB445E5F","","low"
"TCK-7C4193ACE9","","low"
"TCK-08A9096581","","low"
"TCK-3A244D329E","","low"
"TCK-E9A9DCA80A","","low"
"TCK-6D0DDB8261","","low"
"TCK-B133999941","","low"
"TCK-400BB5AF8D","","low"
"TCK-06B8298A51","","low"
"TCK-96D6E5309B","","low"
"TCK-8191D80135","","low"
"TCK-2B57E69CBF","","low"
"TCK-AF59F76446","","low"
"TCK-A803088306","","low"
"TCK-0EDFD2F1EE","","low"
"TCK-CE67C64D04","","low"
"TCK-037CECFCB3","","low"
"TCK-75414988B1","","low"
"TCK-5220D9638C","","low"
"TCK-72993443EF","","low"
"TCK-9ECD9B159A","","low"
"TCK-594EA04F39","","low"
"TCK-81950FD70E","","low"
"TCK-7BCE805E3A","","low"
"TCK-8B3E47C3E5","","low"
"TCK-903C3C6579","","low"
"TCK-48365667CE","","low"
"TCK-5FE99B64C6","","low"
"TCK-D06072510A","","low"
"TCK-747434666F","","low"
"TCK-E15FA3EA24","","low"
"TCK-21B6D0B16C","","low"
"TCK-1398E90921","","low"
"TCK-F2B15F32B3","","low"
"TCK-CB7819617C","","low"
"TCK-13906A7A51","","low"
"TCK-A114F8D85A","","low"
"TCK-ECD2031E68","","low"
"TCK-8792D95DB6","","low"
"TCK-07E058052D","","low"
"TCK-4DAD00C68B","","low"
"TCK-5778948B16","","low"
"TCK-7D59A71495","","low"
"TCK-8A57C5209A","","low"
"TCK-81527454BE","","low"
"TCK-2EA68F5713","","low"
"TCK-A5AC054E20","","low"
"TCK-EF092F2D23","","low"
"TCK-E7277E8B76","","low"
"TCK-58272D407E","","low"
"TCK-61093F5462","","low"
"TCK-DAAC5589FC","","low"
"TCK-32ABC29D12","","low"
"TCK-03CFCD980C","","low"
"TCK-875F445127","","low"
"TCK-4813271A6F","","low"
"TCK-CC59B1B5B1","","low"
"TCK-4F44A41D51","","low"
"TCK-1B1204D09E","","low"
"TCK-944E1C1025","","low"
"TCK-E7FCAFE657","","low"
"TCK-9E49204B40","","low"
"TCK-66C042E051","","low"
"TCK-CE95BFDC90","","low"
"TCK-46D72B64C7","","low"
"TCK-C402D8137B","","low"
"TCK-779CECB47B","","low"
"TCK-E05D9B96E7","","low"
"TCK-E6F2506B32","","low"
"TCK-8C3BB1E0DA","","low"
"TCK-5F46CDD4A7","","low"
"TCK-1D1D5A91DA","","low"
"TCK-092C294598","","low"
"TCK-A74546DD7A","","low"
"TCK-FBA53EF2AC","","low"
"TCK-C6C4EDF9AC","","low"
"TCK-D57656F2CB","","low"
"TCK-943BB5C767","","low"
"TCK-7E2F487E82","","low"
"TCK-0317E34E7D","","low"
"TCK-2410B18985","","low"
"TCK-8911CC19FB","","low"
"TCK-E6E8AA44B1","","low"
"TCK-A8D7CF8119","","low"
"TCK-EA4819DB8A","","low"
"TCK-534529B0DC","","low"
"TCK-EC0CC3AAC3","","low"
"TCK-F008E26DDF","","low"
"TCK-70D7B15018","","low"
"TCK-F343A06D75","","low"
"TCK-CB2DD788C2","","low"
"TCK-B805A0C864","","low"
"TCK-FE0543C3FC","","low"
"TCK-1191E9A85F","","low"
"TCK-968BAB8B12","","low"
"TCK-7CD665390B","","low"
"TCK-BF2F570509","","low"
"TCK-5D754AB70C","","low"
"TCK-00995116DC","","low"
"TCK-C5DE2D872B","","low"
"TCK-9B0ADB7C94","","low"
"TCK-FCDFA786FC","","low"
"TCK-95105F3719","","low"
"TCK-31E21770EC","","low"
"TCK-4384CE1FE3","","low"
"TCK-465A0C8474","","low"
"TCK-25C8E2AD3E","","low"
"TCK-727D31F0F2","","low"
"TCK-1DEBE89CB2","","low"
"TCK-955F6BF07D","","low"
"TCK-0EFE37083C","","low"
"TCK-4BEA614279","","low"
"TCK-19B4E0225D","","low"
"TCK-6BF3035297","","low"
"TCK-03AAB5FF24","","low"
"TCK-8CFAC3644C","","low"
"TCK-C4952F8E67","","low"
"TCK-8AB0F3D3C5","","low"
"TCK-031E2A1906","","low"
"TCK-BB45D28EA4","","low"
"TCK-BE090D4535","","low"
"TCK-849573AD35","","low"
"TCK-43C08CAC5C","","low"
"TCK-019BE9BC5D","","low"
"TCK-C7B72F78E7","","low"
"TCK-67A448F715","","low"
"TCK-DE3A8AFCE7","","low"
"TCK-D618DA3A95","","low"
"TCK-6C75AF0B70","","low"
"TCK-F4BB396FEE","","low"
"TCK-69FD554243","","low"
"TCK-E86E5A2BAC","","low"
"TCK-8D57A49F2F","","low"
"TCK-93235BD6CB","","low"
"TCK-5785C66E27","","low"
"TCK-444B00A8DF","","low"
"TCK-3DDF765AD9","","low"
"TCK-FD3E929632","","low"
"TCK-66DD8D8A10","","low"
"TCK-447FFF31B2","","low"
"TCK-3DDF7CB9B3","","low"
"TCK-BE0EE21CAF","","low"
"TCK-45D0A71373","","low"
"TCK-C8F691F90E","","low"
"TCK-4F80B1C3F2","","low"
"TCK-25CF046D80","","low"
"TCK-FD8F0CDD20","","low"
"TCK-8859FBF377","","low"
"TCK-1CA66F3826","","low"
"TCK-776164DD88","","low"
"TCK-6FF2C75894","","low"
"TCK-30F864D473","","low"
"TCK-A1E3086C49","","low"
"TCK-AE0E4FD227","","low"
"TCK-9ED9A31138","","low"
"TCK-4166B0B9CC","","low"
"TCK-C4CF65D642","","low"
"TCK-6D78F62FB5","","low"
"TCK-2CB6CDB345","","low"
"TCK-65E55F4500","","low"
"TCK-0709C1F38E","","low"
"TCK-1C58A07A5E","","low"
"TCK-F78CF6243C","","low"
"TCK-3502EC520E","","low"
"TCK-9C23149A89","","low"
"TCK-1CC6751C69","","low"
"TCK-DA1664BFC9","","low"
"TCK-4DAC669E4D","","low"
"TCK-7B304FE4E8","","low"
"TCK-D42DE090E6","","low"
"TCK-B28E4B1567","","low"
"TCK-18BF0FC060","","low"
"TCK-C2E93A80D4","","low"
"TCK-583F7C6A4C","","low"
"TCK-85E4F0E698","","low"
"TCK-D10E86E12D","","low"
"TCK-0E888E2A36","","low"
"TCK-78963E140D","","low"
"TCK-07E8B886F5","","low"
"TCK-CBC03AC5E0","","low"
"TCK-3C69435620","","low"
"TCK-85897C2DEC","","low"
"TCK-18DA1ECE59","","low"
"TCK-6240C519C7","","low"
"TCK-09CB568CA6","","low"
"TCK-CFFBFA7F15","","low"
"TCK-6FEC53097E","","low"
"TCK-99EAC61C62","","low"
"TCK-219E15CDD5","","low"
"TCK-40266C2D97","","low"
"TCK-2812F9638D","","low"
"TCK-F7E0834594","","low"
"TCK-52B8EE64E6","","low"
"TCK-0C7FDD1D05","","low"
"TCK-E744B82DE6","","low"
"TCK-C06C2FF811","","low"
"TCK-33167C6FC9","","low"
"TCK-58F1C65C13","","low"
"TCK-FEE6550426","","low"
"TCK-A3743CFCE1","","low"
"TCK-2E6D51BB6B","","low"
"TCK-6CD4D1A381","","low"
"TCK-4C9E83D2D1","","low"
"TCK-E8F2BFD317","","low"
"TCK-86E6DFF830","","low"
"TCK-9342E5BD46","","low"
"TCK-816777CEE3","","low"
"TCK-801EE7C81D","","low"
"TCK-383492D27B","","low"
"TCK-3783E18930","","low"
"TCK-4E32F87433","","low"
"TCK-23EDFEBF9C","","low"
"TCK-2431432B11","","low"
"TCK-C1C6C196E2","","low"
"TCK-C5916BF931","","low"
"TCK-AC3AF9FE20","","low"
"TCK-F1F64464F1","","low"
"TCK-24DF690C11","","low"
"TCK-FA272BA3F8","","low"
"TCK-D825FA82F8","","low"
"TCK-C6F2944C4C","","low"
"TCK-6123021CC3","","low"
"TCK-A65E01BB6F","","low"
"TCK-348EFAFD1B","","low"
"TCK-6DF28C0F34","","low"
"TCK-0396CFFE15","","low"
"TCK-4E758CDAA6","","low"
"TCK-1EF7152F1B","","low"
"TCK-CD18B7D3B7","","low"
"TCK-A5320366FD","","low"
"TCK-BE4DA4EA41","","low"
"TCK-F31F9D403E","","low"
"TCK-2E447C7F79","","low"
"TCK-A0960BD206","","low"
"TCK-D60DB08C57","","low"
"TCK-92F22643C7","","low"
"TCK-97562D5AD7","","low"
"TCK-F0C24FF2A8","","low"
"TCK-30F776458E","","low"
"TCK-48942AA857","","low"
"TCK-AD779C74BA","","low"
"TCK-8AA5C4AC6C","","low"
"TCK-079275CCDB","","low"
"TCK-68065AF2C6","","low"
"TCK-DA7E1BEA78","","low"
"TCK-18F7A45F0B","","low"
"TCK-1BDB319244","","low"
"TCK-8308BED1D4","","low"
"TCK-61A269DB89","","low"
"TCK-EFBD3C88DD","","low"
"TCK-AEAE675916","","low"
"TCK-E3D9E9B4AB","","low"
"TCK-7EEA95130F","","low"
"TCK-127C5A43DD","","low"
"TCK-2B5757DB5C","","low"
"TCK-FA10756E03","","low"
"TCK-9F00F83E38","","low"
"TCK-A2B235335F","","low"
"TCK-30E2DF4CC4","","low"
"TCK-427FE388BB","","low"
"TCK-1DCA348432","","low"
"TCK-1EAC456B95","","low"
"TCK-211B1A1BAB","","low"
"TCK-768AD28718","","low"
"TCK-33D072E560","","low"
"TCK-12DCDCB0C8","","low"
"TCK-E9519BC74D","","low"
"TCK-EC425284B2","","low"
"TCK-5B77D47256","","low"
"TCK-034C918A85","","low"
"TCK-97C83A0984","","low"
"TCK-1654E050DE","","low"
"TCK-7AA4576A21","","low"
"TCK-18C4313028","","low"
"TCK-3A8FB43B0F","","low"
"TCK-AD5BB5ADAA","","low"
"TCK-6543D0C110","","low"
"TCK-8B728A7985","","low"
"TCK-F51A4C36FC","","low"
"TCK-907E51680C","","low"
"TCK-EF96B688D3","","low"
"TCK-47D59F7676","","low"
"TCK-53E9306D09","","low"
"TCK-22F0E4699A","","low"
"TCK-2FA45E1AEE","","low"
"TCK-4EE2551DB1","","low"
"TCK-DD8B980340","","low"
"TCK-763820B940","","low"
"TCK-7541F644E4","","low"
"TCK-709338BF5E","","low"
"TCK-C3A961D1A5","","low"
"TCK-818DFCB49E","","low"
"TCK-7E523E2891","","low"
"TCK-DB799C68A4","","low"
"TCK-70E6B1C79F","","low"
"TCK-4DC19E8C8B","","low"
"TCK-6428421CA4","","low"
"TCK-2BFD4BA161","","low"
"TCK-B9CF3565EE","","low"
"TCK-0B29964210","","low"
"TCK-4D9422CE5D","","low"
"TCK-9294EC3B97","","low"
"TCK-876A07908F","","low"
"TCK-E578551AB9","","low"
"TCK-A6701CBE05","","low"
"TCK-4932B507EB","","low"
"TCK-5DAE0D2F09","","low"
"TCK-98AEF90B23","","low"
"TCK-F742C0D0D0","","low"
"TCK-98F0939883","","low"
"TCK-C5E14194B1","","low"
"TCK-D163EC8DDF","","low"
"TCK-A670BC5466","","low"
"TCK-8A3EE8112D","","low"
"TCK-1A91307022","","low"
"TCK-2F8E13ED20","","low"
"TCK-0D72D68C7A","","low"
"TCK-AF68028E53","","low"
"TCK-8A7BF308FB","","low"
"TCK-16615C6E3E","","low"
"TCK-16F802AE4A","","low"
"TCK-84503E396E","","low"
"TCK-F5BB82AB1C","","low"
"TCK-DDF76E809E","","low"
"TCK-83B49B80E6","","low"
"TCK-D49444F85A","","low"
"TCK-33395F3E55","","low"
"TCK-407D509179","","low"
"TCK-D9B1451F2D","","low"
"TCK-5167916ADF","","low"
"TCK-A2260B8994","","low"
"TCK-92295FF95A","","low"
"TCK-D626FF9628","","low"
"TCK-CDF0E4373A","","low"
"TCK-0DE0135931","","low"
"TCK-F6ACE3D9AD","","low"
"TCK-C7F0D69F18","","low"
"TCK-690D0906A0","","low"
"TCK-0E4E4FEA1C","","low"
"TCK-3DA9A08FA1","","low"
"TCK-DC0A1B4F1E","","low"
"TCK-3F91DF9786","","low"
"TCK-9D037793E5","","low"
"TCK-3FA3660885","","low"
"TCK-492B08353C","","low"
"TCK-6CB885EB16","","low"
"TCK-BBB834F5D4","","low"
"TCK-1A7893857A","","low"
"TCK-7F8E3EACA4","","low"
"TCK-0EB8BF5410","","low"
"TCK-50E2CF5EC1","","low"
"TCK-4B4C529424","","low"
"TCK-D095EDE0AD","","low"
"TCK-7B1E718F33","","low"
"TCK-2F58A8BC16","","low"
"TCK-9ED0C9ECC8","","low"
"TCK-5BC3DF5B41","","low"
"TCK-914E27834C","","low"
"TCK-08913378BD","","low"
"TCK-69EC099AED","","low"
"TCK-C0C5E46E5E","","low"
"TCK-A6845EC755","","low"
"TCK-BF15793D61","","low"
"TCK-7001D05767","","low"
"TCK-7EC66E45B0","","low"
"TCK-57A145AA29","","low"
"TCK-69439FCED1","","low"
"TCK-5AB76E9AE8","","low"
"TCK-98EE42DAE7","","low"
"TCK-5AFE12A28A","","low"
"TCK-6DDB0ED0D8","","low"
"TCK-1809F3B7C6","","low"
"TCK-391DD4D6A2","","low"
"TCK-CAB3B467A7","","low"
"TCK-C877EA4E07","","low"
"TCK-C52D222A1C","","low"
"TCK-2910D31FA6","","low"
"TCK-E1F5DF7142","","low"
"TCK-027A722636","","low"
"TCK-03CC9931DB","","low"
"TCK-BA94D8710C","","low"
"TCK-085DD6A660","","low"
"TCK-AF02937B5E","","low"
"TCK-82DCD776E8","","low"
"TCK-2FF38863CA","","low"
"TCK-F0BB336D20","","low"
"TCK-91BEE6DBEE","","low"
"TCK-98846355B6","","low"
"TCK-ACBC8DD9F9","","low"
"TCK-0753F44506","","low"
"TCK-D2E72FA0E5","","low"
"TCK-10FF2A79CE","","low"
"TCK-46E19D3FEE","","low"
"TCK-B5A7E6B78A","","low"
"TCK-8111C1AEEA","","low"
"TCK-00365EF541","","low"
"TCK-3A137C5536","","low"
"TCK-CB1B87CD8A","","low"
"TCK-CA0AC35884","","low"
"TCK-98FDB44062","","low"
"TCK-10A3432497","","low"
"TCK-518EB30987","","low"
"TCK-741740EE60","","low"
"TCK-7901ADA8E2","","low"
"TCK-D7F5174DCE","","low"
"TCK-942F1D97AD","","low"
"TCK-0BE1D547B4","","low"
"TCK-6DC8ED0ABB","","low"
"TCK-1351981293","","low"
"TCK-C38B08F59D","","low"
"TCK-452C38B280","","low"
"TCK-72E03A995E","","low"
"TCK-BC05AACFF1","","low"
"TCK-44FD8D18C6","","low"
"TCK-31FE8136CC","","low"
"TCK-632440A4FE","","low"
"TCK-D2669080C4","","low"
"TCK-094DF09A22","","low"
"TCK-C674BF72D7","","low"
"TCK-DC2DD3391F","","low"
"TCK-ADDC43D2F3","","low"
"TCK-ECF5B0EBC2","","low"
"TCK-AF2D5BABAF","","low"
"TCK-C205DFE3BC","","low"
"TCK-F2DA442F23","","low"
"TCK-A05A388D10","","low"
"TCK-B986398D4E","","low"
"TCK-6D36609F07","","low"
"TCK-A9E27519D2","","low"
"TCK-E68C3A90FF","","low"
"TCK-00125D59B8","","low"
"TCK-627CC1DC17","","low"
"TCK-B1DF93BBF9","","low"
"TCK-11108D35E3","","low"
"TCK-B8E205C3F3","","low"
"TCK-D411B14412","","low"
"TCK-42A919F632","","low"
"TCK-50FF2DD45A","","low"
"TCK-3EA85C608E","","low"
"TCK-736BE14F25","","low"
"TCK-7BEF628C60","","low"
"TCK-29208D8D6A","","low"
"TCK-0A8C51D3DC","","low"
"TCK-12309ECF5D","","low"
"TCK-C42F13471F","","low"
"TCK-C8CB20DCEC","","low"
"TCK-6998E65E27","","low"
"TCK-F0E89243C6","","low"
"TCK-4F880CC3E1","","low"
"TCK-31D742B360","","low"
"TCK-5A9C5B8920","","low"
"TCK-360C8CE4CB","","low"
"TCK-2A517E3048","","low"
"TCK-6BA4777A37","","low"
"TCK-8EC8D7228E","","low"
"TCK-F3582DE40D","","low"
"TCK-10B22462AA","","low"
"TCK-2E1682FBBF","","low"
"TCK-EB2A093FE4","","low"
"TCK-A8418D25C3","","low"
"TCK-8AB0E2D64F","","low"
"TCK-DFA6D57618","","low"
"TCK-31BFE39691","","low"
"TCK-4CF9E49676","","low"
"TCK-5454F264CB","","low"
"TCK-71632F4E79","","low"
"TCK-C660036852","","low"
"TCK-3E620766AA","","low"
"TCK-F3C8B58FCC","","low"
"TCK-351B67B91B","","low"
"TCK-E24D506E67","","low"
"TCK-11984F81EE","","low"
"TCK-EA44694E88","","low"
"TCK-82A0BEBAE5","","low"
"TCK-2F13E02C6A","","low"
"TCK-2AECCAB622","","low"
"TCK-CE8742E744","","low"
"TCK-EE34922485","","low"
"TCK-32D7E170ED","","low"
"TCK-4CEFA5547D","","low"
"TCK-C37C14B308","","low"
"TCK-8483D7FBE5","","low"
"TCK-EABD8ECFB0","","low"
"TCK-6593278EAC","","low"
"TCK-8E0D1C1AB9","","low"
"TCK-A67C936FB2","","low"
"TCK-7DB8BCED7B","","low"
"TCK-86B460FABF","","low"
"TCK-2FA5C59037","","low"
"TCK-D5012AE4FC","","low"
"TCK-33B1355B04","","low"
"TCK-01BFF57652","","low"
"TCK-013A32DB1F","","low"
"TCK-950231E674","","low"
"TCK-4799C3FCA0","","low"
"TCK-DD52DCDAC9","","low"
"TCK-DF5839B0AC","","low"
"TCK-2BCBA20289","","low"
"TCK-13FB0DC7B8","","low"
"TCK-5FF0DEF0A2","","low"
"TCK-2970DEB92F","","low"
"TCK-D6C76EFDAF","","low"
"TCK-37E9E94042","","low"
"TCK-DD0833F778","","low"
"TCK-89F0D3AEB9","","low"
"TCK-1AA71808EA","","low"
"TCK-831A5A22BD","","low"
"TCK-F83B53780F","","low"
"TCK-7B8AFFBA42","","low"
"TCK-2D4EF0783D","","low"
"TCK-93F704E420","","low"
"TCK-536138A75A","","low"
"TCK-B642F0C986","","low"
"TCK-F20F1485BC","","low"
"TCK-4F7BE33818","","low"
"TCK-7FC519F203","","low"
"TCK-CF99FEC2E9","","low"
"TCK-C44E94877D","","low"
"TCK-8FB13859F3","","low"
"TCK-3384E2BDD0","","low"
"TCK-626369DFB9","","low"
"TCK-2B9B6C8FE3","","low"
"TCK-5FFEC9AFB0","","low"
"TCK-52BC9D2C88","","low"
"TCK-26DDD81409","","low"
"TCK-CC6F4F6737","","low"
"TCK-AA750B9624","","low"
"TCK-495216965D","","low"
"TCK-19E30E12E3","","low"
"TCK-7EF344A496","","low"
"TCK-FC998E600B","","low"
"TCK-3C11968043","","low"
"TCK-6BF622303B","","low"
"TCK-DCB02BB26D","","low"
"TCK-6974338200","","low"
"TCK-6B966EC7C4","","low"
"TCK-81363FDA07","","low"
"TCK-3DF8C3023A","","low"
"TCK-BDEE30789D","","low"
"TCK-8BF1DAF8AF","","low"
"TCK-EFA2E8B9F7","","low"
"TCK-E497290936","","low"
"TCK-FB4CCC1E08","","low"
"TCK-C502D1E04F","","low"
"TCK-963B874036","","low"
"TCK-0112E6F1FC","","low"
"TCK-D0E14083EF","","low"
"TCK-AE8FA73E4A","","low"
"TCK-44BFAEF6FD","","low"
"TCK-79AA965CC0","","low"
"TCK-5E3F6F0102","","low"
"TCK-354147081C","","low"
"TCK-ADBF57F003","","low"
"TCK-3023674F81","","low"
"TCK-4A41040648","","low"
"TCK-E9FCBF483C","","low"
"TCK-F1E74AA285","","low"
"TCK-DAD2305763","","low"
"TCK-9585671290","","low"
"TCK-A6412A3399","","low"
"TCK-3A50A1E5CA","","low"
"TCK-6FE1B45156","","low"
"TCK-73ADA463A6","","low"
"TCK-AEC211CF42","","low"
"TCK-39A600FF83","","low"
"TCK-82097148EA","","low"
"TCK-B009DC3816","","low"
"TCK-DDB3CAA6EF","","low"
"TCK-4284772B2F","","low"
"TCK-26E2C455CB","","low"
"TCK-D8B628D25C","","low"
"TCK-AEA575C56E","","low"
"TCK-F27025212E","","low"
"TCK-7021577C3A","","low"
"TCK-40BBD2A88B","","low"
"TCK-BB31D08EC3","","low"
"TCK-B71CF6DA0E","","low"
"TCK-AAF19F78D9","","low"
"TCK-F3B3A3B980","","low"
"TCK-7FE0F4DA7D","","low"
"TCK-356B1FBED6","","low"
"TCK-7EEFF4E9C7","","low"
"TCK-51B7311510","","low"
"TCK-1DCB4EF16F","","low"
"TCK-9F91FD0C4C","","low"
"TCK-C77F9B7271","","low"
"TCK-9EB0E6E742","","low"
"TCK-98F6773B6D","","low"
"TCK-7869CB0DDC","","low"
"TCK-C687DC5F12","","low"
"TCK-8150E14A4E","","low"
"TCK-24ED2708D7","","low"
"TCK-3049DA3995","","low"
"TCK-AE9CCD1325","","low"
"TCK-6FE3C84F02","","low"
"TCK-1954BD706E","","low"
"TCK-8D2A722F8B","","low"
"TCK-131B3CACA3","","low"
"TCK-619E7F6BE4","","low"
"TCK-A9C8FE27F7","","low"
"TCK-C16952E12F","","low"
"TCK-DF1198E2C4","","low"
"TCK-5E54487773","","low"
"TCK-0DF4B70B40","","low"
"TCK-11B89F45AB","","low"
"TCK-1FA386706F","","low"
"TCK-E6CA943A79","","low"
"TCK-9EDBB75A10","","low"
"TCK-1AD6DAEF34","","low"
"TCK-2352447F92","","low"
"TCK-824D5CC383","","low"
"TCK-370A4C9357","","low"
"TCK-F4341B9D13","","low"
"TCK-F88DED237A","","low"
"TCK-15B1AE2334","","low"
"TCK-34A857213C","","low"
"TCK-F6BC438546","","low"
"TCK-5DFBCBFCA5","","low"
"TCK-BA2056917E","","low"
"TCK-2D1075DA7D","","low"
"TCK-27F4F8FEAE","","low"
"TCK-357D866BE7","","low"
"TCK-C302A1B849","","low"
"TCK-1BDD2D8707","","low"
"TCK-C9607E460A","","low"
"TCK-F17887DA41","","low"
"TCK-8737042EDD","","low"
"TCK-29275A5D24","","low"
"TCK-7FBC3AEC05","","low"
"TCK-F51579D1F4","","low"
"TCK-4E222A83A3","","low"
"TCK-440270DAEE","","low"
"TCK-716CA4436E","","low"
"TCK-5CC215CF62","","low"
"TCK-2A817715B2","","low"
"TCK-C022682139","","low"
"TCK-07F9A8B9FA","","low"
"TCK-F7428BF305","","low"
"TCK-969D2BDECD","","low"
"TCK-0C78D8D4B5","","low"
"TCK-B0857DA587","","low"
"TCK-AA50FFF186","","low"
"TCK-2A8F044044","","low"
"TCK-9E353618FC","","low"
"TCK-25343CDB26","","low"
"TCK-6104C85AE7","","low"
"TCK-1002FD54FD","","low"
"TCK-ECEC15AC7E","","low"
"TCK-74038A0D93","","low"
"TCK-8CA0E083A9","","low"
"TCK-AC73C5A69E","","low"
"TCK-B79AAAFDD1","","low"
"TCK-BD3AF6B587","","low"
"TCK-E833950214","","low"
"TCK-A082AE46D0","","low"
"TCK-FD55AC16DF","","low"
"TCK-DB33453F09","","low"
"TCK-EDAF0A9691","","low"
"TCK-5F84893AD4","","low"
"TCK-3B16A57E20","","low"
"TCK-D8FDDAC41C","","low"
"TCK-8561A2894B","","low"
"TCK-B8C5A22539","","low"
"TCK-B556199870","","low"
"TCK-68C4F73DC8","","low"
"TCK-A5A539D29E","","low"
"TCK-A2282A2EA8","","low"
"TCK-5BE2C7C0D8","","low"
"TCK-088C49855D","","low"
"TCK-ED951B378F","","low"
"TCK-C0E61EBF4B","","low"
"TCK-2BCCCD7B37","","low"
"TCK-3E20AB09E3","","low"
"TCK-ACCEC3A0D0","","low"
"TCK-1C690E9341","","low"
"TCK-BDCF2EC2F5","","low"
"TCK-88475D7D20","","low"
"TCK-1F34978D6B","","low"
"TCK-4DBC615392","","low"
"TCK-D7278987C9","","low"
"TCK-2E7C72D843","","low"
"TCK-D31CDF1AC3","","low"
"TCK-A5456EAD16","","low"
"TCK-C56E85770D","","low"
"TCK-9A9741D07B","","low"
"TCK-317AE483C7","","low"
"TCK-81B9D183A5","","low"
"TCK-2ABA8195A6","","low"
"TCK-CB7B22C043","","low"
"TCK-3DAF5652A0","","low"
"TCK-85C8C03AE2","","low"
"TCK-7C37FE4633","","low"
"TCK-B0CD2D8304","","low"
"TCK-9A3572464D","","low"
"TCK-3A82A52BF8","","low"
"TCK-E86748CF21","","low"
"TCK-3E17C80066","","low"
"TCK-44F03AE5C3","","low"
"TCK-D374567250","","low"
"TCK-1A17F7F1EA","","low"
"TCK-A360DEE958","","low"
"TCK-F89B2B6F80","","low"
"TCK-4D31C913F8","","low"
"TCK-0CAA43BEB3","","low"
"TCK-C8E3F4626B","","low"
"TCK-784245CF03","","low"
"TCK-BCC18F406F","","low"
"TCK-5A306817CF","","low"
"TCK-AF606981FB","","low"
"TCK-3AD7C1B0F4","","low"
"TCK-099FBF8406","","low"
"TCK-6A4FE8024D","","low"
"TCK-CFF3D2B365","","low"
"TCK-560310AADD","","low"
"TCK-DE29072D43","","low"
"TCK-5D1420967A","","low"
"TCK-B1D0572570","","low"
"TCK-44341CED39","","low"
"TCK-F87E6E0F04","","low"
"TCK-FEB3DA986A","","low"
"TCK-5E3D7FE525","","low"
"TCK-50A5B8314E","","low"
"TCK-5D8990F15E","","low"
"TCK-B418C0D960","","low"
"TCK-47E2472580","","low"
"TCK-A995E5FA4D","","low"
"TCK-52B2967AB0","","low"
"TCK-6E247605D6","","low"
"TCK-E9FC8E266A","","low"
"TCK-0D600855CC","","low"
"TCK-B0E6CFA0D8","","low"
"TCK-EDC47A22F6","","low"
"TCK-4DFA88D98B","","low"
"TCK-0F04614D4A","","low"
"TCK-0EDC02FC9A","","low"
"TCK-2D1B147647","","low"
"TCK-24D29259C8","","low"
"TCK-324CCA04D3","","low"
"TCK-4ADE239247","","low"
"TCK-15E16E66D5","","low"
"TCK-8E66EE4AEC","","low"
"TCK-FA110C638C","","low"
"TCK-FDE50FF24A","","low"
"TCK-CA11D0E0E8","","low"
"TCK-25A49C999F","","low"
"TCK-0A8CFFA4F6","","low"
"TCK-D2765A6ED4","","low"
"TCK-8664436FE8","","low"
"TCK-CDC856F8CE","","low"
"TCK-5F6DBCB2A5","","low"
"TCK-C90E4D7479","","low"
"TCK-9933BE4011","","low"
"TCK-0AD89E6158","","low"
"TCK-012293A686","","low"
"TCK-0869136A86","","low"
"TCK-3A5D47FFB3","","low"
"TCK-F832413D53","","low"
"TCK-ECBB115568","","low"
"TCK-8951AAF245","","low"
"TCK-5C02B0DBB5","","low"
"TCK-A839D69818","","low"
"TCK-31585ACD86","","low"
"TCK-F1608A810B","","low"
"TCK-D4AF309018","","low"
"TCK-49CAFE65A7","","low"
"TCK-AE0869181A","","low"
"TCK-BCA5F247A9","","low"
"TCK-AF70E3C104","","low"
"TCK-A81467AF57","","low"
"TCK-C6F468DB77","","low"
"TCK-ABD8B98B56","","low"
"TCK-B16807A05C","","low"
"TCK-0A752D6B37","","low"
"TCK-1CE5815790","","low"
"TCK-ABE8E5E1D2","","low"
"TCK-1BB2CC0770","","low"
"TCK-BBF93E5356","","low"
"TCK-28EFA967AD","","low"
"TCK-8F3285C2FB","","low"
"TCK-EF86D5F684","","low"
"TCK-0D3C2B7FC7","","low"
"TCK-EF354689B0","","low"
"TCK-E6681A2534","","low"
"TCK-E24DEB066D","","low"
"TCK-17B8C4E6EF","","low"
"TCK-D6C10CDB25","","low"
"TCK-D23CF08E90","","low"
"TCK-08D6C5C93E","","low"
"TCK-6E85D2E66F","","low"
"TCK-1ADECA3106","","low"
"TCK-0A9CB5C29A","","low"
"TCK-6E17231E7A","","low"
"TCK-A2D4B336CC","","low"
"TCK-E9A8611DB2","","low"
"TCK-BB91DF68B2","","low"
"TCK-2A4019CF37","","low"
"TCK-F4DB3BF004","","low"
"TCK-9D79314E80","","low"
"TCK-5AFE102338","","low"
"TCK-C6039B5D20","","low"
"TCK-3A628ADEC1","","low"
"TCK-82458B7B1F","","low"
"TCK-77C3B84632","","low"
"TCK-8211374E43","","low"
"TCK-B1F67CE2FB","","low"
"TCK-B302D1B64B","","low"
"TCK-867B839DF8","","low"
"TCK-0EAD60D53B","","low"
"TCK-56465BC23F","","low"
"TCK-8A2A581A3F","","low"
"TCK-7F01725BF3","","low"
"TCK-D604E9B563","","low"
"TCK-79EE1A316F","","low"
"TCK-6F54470CE6","","low"
"TCK-F9E212D538","","low"
"TCK-56F57B8EA3","","low"
"TCK-1C45F10971","","low"
"TCK-4C4B9FE794","","low"
"TCK-171E409C69","","low"
"TCK-0BF7D94C9F","","low"
"TCK-63B4420ED6","","low"
"TCK-B976749187","","low"
"TCK-E8173F6755","","low"
"TCK-88F4078521","","low"
"TCK-1C02813FC9","","low"
"TCK-5DC00E2685","","low"
"TCK-0286E4A8E8","","low"
"TCK-0E13333A8F","","low"
"TCK-562FF40709","","low"
"TCK-9C4D9B6CF2","","low"
"TCK-7524E4A797","","low"
"TCK-78B215E474","","low"
"TCK-74245D2B24","","low"
"TCK-E4E5B74F54","","low"
"TCK-2C2F66DB8C","","low"
"TCK-DD17E15339","","low"
"TCK-81FAAD6BA8","","low"
"TCK-F792A46AAE","","low"
"TCK-70E1F17F93","","low"
"TCK-1EBEE1D81C","","low"
"TCK-A9198759F4","","low"
"TCK-C63B0CBC20","","low"
"TCK-6DA1560AFB","","low"
"TCK-91E7CC579E","","low"
"TCK-6D2C8F802B","","low"
"TCK-5D0A3F66A3","","low"
"TCK-6DBC29A860","","low"
"TCK-A3F928F1DE","","low"
"TCK-7767C39298","","low"
"TCK-67A810D55E","","low"
"TCK-75F187CA00","","low"
"TCK-D2F0558D48","","low"
"TCK-CCE80A7EAE","","low"
"TCK-29A49508D9","","low"
"TCK-865C27E3B2","","low"
"TCK-74405CDF3B","","low"
"TCK-2ACCFA83F7","","low"
"TCK-89B9D90DA9","","low"
"TCK-F3C37FD061","","low"
"TCK-825C8B1B86","","low"
"TCK-9BB0C2A808","","low"
"TCK-619B1D64FA","","low"
"TCK-5E7A0CD41B","","low"
"TCK-EB2F9DD6F7","","low"
"TCK-B719C7EA14","","low"
"TCK-BD86157AE9","","low"
"TCK-711F628810","","low"
"TCK-5DBB2700BE","","low"
"TCK-B5B48D714C","","low"
"TCK-872BE72F25","","low"
"TCK-CBD100459B","","low"
"TCK-EC7BEC0270","","low"
"TCK-CB4581E181","","low"
"TCK-C2153AFBA7","","low"
"TCK-66E0B388C1","","low"
"TCK-5B5BAC62A4","","low"
"TCK-26971215F9","","low"
"TCK-0CAE2F7B46","","low"
"TCK-8ED028EC9F","","low"
"TCK-90E93D1BA0","","low"
"TCK-3D84EDD214","","low"
"TCK-5699086865","","low"
"TCK-9F6FD0EA61","","low"
"TCK-C082528878","","low"
"TCK-FA0B4969CC","","low"
"TCK-A675AB15B4","","low"
"TCK-D53382B90A","","low"
"TCK-B4B0E40977","","low"
"TCK-1CC09FEA12","","low"
"TCK-5E0A187B96","","low"
"TCK-E70B2A8B91","","low"
"TCK-E588DA3939","","low"
"TCK-A9254DC65C","","low"
"TCK-2FFC7FBD18","","low"
"TCK-9460232EB1","","low"
"TCK-EBD4B38B62","","low"
"TCK-DA295ED2D5","","low"
"TCK-3956E07033","","low"
"TCK-AF4E8C4274","","low"
"TCK-1E17F696D9","","low"
"TCK-EA04775D94","","low"
"TCK-E452F47C5D","","low"
"TCK-61674ADB09","","low"
"TCK-AF59DC9A63","","low"
"TCK-A7BF905804","","low"
"TCK-797DC140BA","","low"
"TCK-48DF381E81","","low"
"TCK-F8AEF18BBE","","low"
"TCK-77213F22CE","","low"
"TCK-6B33DC12B9","","low"
"TCK-4274BA259E","","low"
"TCK-2225AAAE93","","low"
"TCK-F582B2348A","","low"
"TCK-B4060E9101","","low"
"TCK-265FD43F55","","low"
"TCK-34BBDB8ACD","","low"
"TCK-EC7E5B24E1","","low"
"TCK-EBE2AE14F2","","low"
"TCK-5F399A7E37","","low"
"TCK-7D142E41C1","","low"
"TCK-FC59A39280","","low"
"TCK-8697B62980","","low"
"TCK-79B9770919","","low"
"TCK-47F59693B8","","low"
"TCK-FDA0554125","","low"
"TCK-296F3010AA","","low"
"TCK-3AB37F015E","","low"
"TCK-7EFF7AB891","","low"
"TCK-E7DFF76A0F","","low"
"TCK-DACF509845","","low"
"TCK-BB2A45CCA8","","low"
"TCK-CC9677CC6C","","low"
"TCK-F54264128C","","low"
"TCK-050BDDBA23","","low"
"TCK-05072FFABF","","low"
"TCK-4C053A71F9","","low"
"TCK-151804A57E","","low"
"TCK-607F06A597","","low"
"TCK-336B8B8E6F","","low"
"TCK-359FA3EE17","","low"
"TCK-08645CAD73","","low"
"TCK-8F3A2FAAF4","","low"
"TCK-CD5CFDCD06","","low"
"TCK-30B689BEFC","","low"
"TCK-53916007E9","","low"
"TCK-D37821F0A4","","low"
"TCK-70AFAC28C6","","low"
"TCK-54E074DE31","","low"
"TCK-80447A58DC","","low"
"TCK-AE4B874456","","low"
"TCK-538956A84D","","low"
"TCK-7ED839F005","","low"
"TCK-2E6549587E","","low"
"TCK-5D00536AE9","","low"
"TCK-85D001B49B","","low"
"TCK-F1F44743C0","","low"
"TCK-2A7034EFFB","","low"
"TCK-8A5ED37F6B","","low"
"TCK-1D6271321B","","low"
"TCK-DA39967923","","low"
"TCK-8C7383FC78","","low"
"TCK-9320C17E6E","","low"
"TCK-1616488193","","low"
"TCK-378E908E63","","low"
"TCK-32C16AE3F7","","low"
"TCK-F9A47163CF","","low"
"TCK-0BFC0750BF","","low"
"TCK-4CEF03FB5A","","low"
"TCK-1EE7EAF5DC","","low"
"TCK-CDBBC79153","","low"
"TCK-E8605497D6","","low"
"TCK-F581719E00","","low"
"TCK-C17D2B60BA","","low"
"TCK-E6F6925461","","low"
"TCK-C1B554E4A0","","low"
"TCK-15049F1C0D","","low"
"TCK-FAEA2EA8DE","","low"
"TCK-C050379B16","","low"
"TCK-8161D8D859","","low"
"TCK-9EDAFD5B49","","low"
"TCK-552F7E61FB","","low"
"TCK-00520529F8","","low"
"TCK-6D0D747D3D","","low"
"TCK-844FADAA2D","","low"
"TCK-8306BF6BAF","","low"
"TCK-10632FC23D","","low"
"TCK-892D227AA1","","low"
"TCK-CCF5FA2028","","low"
"TCK-D931DB86D0","","low"
"TCK-CF8359D01D","","low"
"TCK-84CE4CF4FF","","low"
"TCK-C2E3B46C14","","low"
"TCK-3937319DBA","","low"
"TCK-E650E960B5","","low"
"TCK-E0DF530530","","low"
"TCK-878CF0008D","","low"
"TCK-08AF01D5CC","","low"
"TCK-2D8DC5663C","","low"
"TCK-A23FD706B9","","low"
"TCK-149717C612","","low"
"TCK-C0443CE596","","low"
"TCK-D088714E9C","","low"
"TCK-36A7C25BE6","","low"
"TCK-D8B08AF0DD","","low"
"TCK-001D34A0D3","","low"
"TCK-457EAA4F4B","","low"
"TCK-7D43C43A21","","low"
"TCK-4C724F300D","","low"
"TCK-2DC65090A2","","low"
"TCK-243E161FF5","","low"
"TCK-B958F42027","","low"
"TCK-1E3EB100C0","","low"
"TCK-493695153F","","low"
"TCK-B5169A78BF","","low"
"TCK-A9D7FE3F34","","low"
"TCK-E05478E2F5","","low"
"TCK-BB29ABF6D7","","low"
"TCK-11AD282185","","low"
"TCK-A48AAEDB15","","low"
"TCK-2E3F7E12E5","","low"
"TCK-E9EC727DDC","","low"
"TCK-35F91F99BB","","low"
"TCK-181BC2D381","","low"
"TCK-3DDC92CDE2","","low"
"TCK-272C394CF1","","low"
"TCK-628714BED2","","low"
"TCK-F9B2897574","","low"
"TCK-89A52433BF","","low"
"TCK-1BE7A688B6","","low"
"TCK-6B939D3302","","low"
"TCK-BDEE290D38","","low"
"TCK-B41B90C591","","low"
"TCK-9E6B66D05A","","low"
"TCK-6C14B9F75F","","low"
"TCK-1373FB8532","","low"
"TCK-0F62D126B1","","low"
"TCK-C0F16EA10B","","low"
"TCK-4244180657","","low"
"TCK-6AFDB26AAA","","low"
"TCK-6B8987091D","","low"
"TCK-1712E7B8CC","","low"
"TCK-D72E624E6C","","low"
"TCK-6E23CFA4A6","","low"
"TCK-542BCE4FF0","","low"
"TCK-B68BF3F4C6","","low"
"TCK-45E05A1D16","","low"
"TCK-2BB732D82C","","low"
"TCK-842E6A1214","","low"
"TCK-385307D766","","low"
"TCK-6BF8362FC9","","low"
"TCK-A8AD8CA241","","low"
"TCK-394D0290D4","","low"
"TCK-96FC81D654","","low"
"TCK-5B66704A01","","low"
"TCK-D7649389EB","","low"
"TCK-7DAB72D39F","","low"
"TCK-7C2A91415C","","low"
"TCK-731B3A4587","","low"
"TCK-AD79C5F32D","","low"
"TCK-1E4288BBF9","","low"
"TCK-D78DCC95A3","","low"
"TCK-583914D3A8","","low"
"TCK-74071243D8","","low"
"TCK-CD1B970A15","","low"
"TCK-03AD7DEF70","","low"
"TCK-B6DFC2F53B","","low"
"TCK-AB3C876A04","","low"
"TCK-98B5D27468","","low"
"TCK-EF9F301638","","low"
"TCK-02ECDBB065","","low"
"TCK-34A33D36CA","","low"
"TCK-6ACF93C003","","low"
"TCK-048E3F3B12","","low"
"TCK-B1BCB5FF72","","low"
"TCK-6FB12FDF02","","low"
"TCK-DC021BFADC","","low"
"TCK-BC9D93E450","","low"
"TCK-BAA711B202","","low"
"TCK-1D139798B0","","low"
"TCK-0FC45B3F4B","","low"
"TCK-C0FCDFD9A7","","low"
"TCK-44AEE26475","","low"
"TCK-D508A2D4C1","","low"
"TCK-11F6D6E5A5","","low"
"TCK-78FF5017B6","","low"
"TCK-151F7C61AA","","low"
"TCK-5E115D8BE2","","low"
"TCK-5F437AC73F","","low"
"TCK-F4484E215B","","low"
"TCK-5665B85289","","low"
"TCK-5BBBA02508","","low"
"TCK-4F913CEA31","","low"
"TCK-BAD25E3BCC","","low"
"TCK-EBC8AC209E","","low"
"TCK-666E227FD3","","low"
"TCK-12D874734C","","low"
"TCK-F93DA0900B","","low"
"TCK-A6C7531B69","","low"
"TCK-C407016FA2","","low"
"TCK-778D603BEE","","low"
"TCK-55009A407D","","low"
"TCK-020205449E","","low"
"TCK-A9192CE8D9","","low"
"TCK-FFDFE99677","","low"
"TCK-40079E1E85","","low"
"TCK-C0B8E84E48","","low"
"TCK-58A3A0CE74","","low"
"TCK-F4FB46E1C8","","low"
"TCK-1855786705","","low"
"TCK-98A6923C3F","","low"
"TCK-F3B9FD3E57","","low"
"TCK-61B93CCF64","","low"
"TCK-C04741E276","","low"
"TCK-FC82538108","","low"
"TCK-D50562589F","","low"
"TCK-9A3178A6B7","","low"
"TCK-6165022CA8","","low"
"TCK-690D8A3EAE","","low"
"TCK-E4A3988D60","","low"
"TCK-E5F8DB3EAC","","low"
"TCK-98CA3A0F7A","","low"
"TCK-B7E06A70AC","","low"
"TCK-62359DEA64","","low"
"TCK-559626BF39","","low"
"TCK-6649AA6748","","low"
"TCK-E04A96AD3D","","low"
"TCK-73863AA7E8","","low"
"TCK-8BAE69D004","","low"
"TCK-3221C0BFF3","","low"
"TCK-DFFB4BF3A1","","low"
"TCK-BE9D586B2D","","low"
"TCK-4A4FC4D179","","low"
"TCK-969DBB8EA5","","low"
"TCK-E68B345F34","","low"
"TCK-2EEEE9B37E","","low"
"TCK-F8C7FE2128","","low"
"TCK-F42E7ECEB0","","low"
"TCK-FEEB0988F1","","low"
"TCK-62C3D97247","","low"
"TCK-4CD961AB04","","low"
"TCK-F8C2CE449C","","low"
"TCK-7D30EB820D","","low"
"TCK-FB16B01AD1","","low"
"TCK-872209F7AD","","low"
"TCK-28C4E9FB5B","","low"
"TCK-8619BEE5E8","","low"
"TCK-4A7106886D","","low"
"TCK-B524CF6BB9","","low"
"TCK-2CA05B0CD8","","low"
"TCK-FF130C8436","","low"
"TCK-1A70C10958","","low"
"TCK-2A7D0DB994","","low"
"TCK-3060D4C273","","low"
"TCK-519EC37735","","low"
"TCK-196632CCF6","","low"
"TCK-785D39AD74","","low"
"TCK-2B23AE907D","","low"
"TCK-0CC0AD1590","","low"
"TCK-A6D0868B1B","","low"
"TCK-4C165E85A3","","low"
"TCK-63E1252433","","low"
"TCK-1766069D5D","","low"
"TCK-317D17F503","","low"
"TCK-53600B7619","","low"
"TCK-072CF4BBF1","","low"
"TCK-5ECBD7BE39","","low"
"TCK-5B91D0F2F4","","low"
"TCK-62C0395C9B","","low"
"TCK-F2300D59C0","","low"
"TCK-1FB961C643","","low"
"TCK-EB2C8AA647","","low"
"TCK-448897EC8D","","low"
"TCK-20BF2F0067","","low"
"TCK-147779565C","","low"
"TCK-4352EB3069","","low"
"TCK-F4669117B2","","low"
"TCK-CC15265F7B","","low"
"TCK-4DF232BDEB","","low"
"TCK-E6390D19C9","","low"
"TCK-27C3E56B43","","low"
"TCK-E3E7833846","","low"
"TCK-444A8F6B3E","","low"
"TCK-622F7CDF2E","","low"
"TCK-1750C0DD13","","low"
"TCK-303DFBBD8D","","low"
"TCK-E0EC70735B","","low"
"TCK-952DC2766F","","low"
"TCK-4747119755","","low"
"TCK-230D3AD089","","low"
"TCK-416B762482","","low"
"TCK-2E0CC74E65","","low"
"TCK-EB0276EC3E","","low"
"TCK-13157D5579","","low"
"TCK-514585CC4C","","low"
"TCK-99A62E3613","","low"
"TCK-23D3FC9982","","low"
"TCK-415CE9786E","","low"
"TCK-9DD5B06DCD","","low"
"TCK-7AC755C8CD","","low"
"TCK-1BFB8566A5","","low"
"TCK-D019324A77","","low"
"TCK-E28E78AE64","","low"
"TCK-FAD46AB101","","low"
"TCK-11BD928C9F","","low"
"TCK-CC3F15FFFC","","low"
"TCK-534B977C15","","low"
"TCK-5E98FC56BE","","low"
"TCK-1293B7C8F4","","low"
"TCK-AFB29A1651","","low"
"TCK-E23CCE563C","","low"
"TCK-3BD1324B4B","","low"
"TCK-0A017452F5","","low"
"TCK-2A7B006DF9","","low"
"TCK-F32BFF24C4","","low"
"TCK-D55C10A34C","","low"
"TCK-3759D6F332","","low"
"TCK-5CDBB9AC97","","low"
"TCK-7524037A1D","","low"
"TCK-6DEF7D54BF","","low"
"TCK-41200EE505","","low"
"TCK-594C090EF7","","low"
"TCK-C6CF6375E8","","low"
"TCK-53ACC8EB74","","low"
"TCK-062BEDF224","","low"
"TCK-7ECB199F9D","","low"
"TCK-2558C94B19","","low"
"TCK-081DF738E6","","low"
"TCK-5F4A1A6B54","","low"
"TCK-9C9DD7A6D7","","low"
"TCK-92FEE2A5BE","","low"
"TCK-129E5C53A4","","low"
"TCK-E8551E26F2","","low"
"TCK-0636B288A2","","low"
"TCK-C7206F83C8","","low"
"TCK-38148EA09F","","low"
"TCK-849C465F4A","","low"
"TCK-EDB98804D9","","low"
"TCK-D6A5C813C8","","low"
"TCK-79790C6EEA","","low"
"TCK-0814C7EFA9","","low"
"TCK-2B50C01AEE","","low"
"TCK-613FA20118","","low"
"TCK-E1ABBE9A30","","low"
"TCK-1652BF4E78","","low"
"TCK-C7E8D55FD4","","low"
"TCK-A8F1DC3C14","","low"
"TCK-84DC110A04","","low"
"TCK-740416CFE6","","low"
"TCK-EB6219070A","","low"
"TCK-7499717B6C","","low"
"TCK-988C5F128D","","low"
"TCK-FB10F1A916","","low"
"TCK-D2852DA0E7","","low"
"TCK-2FBE674EE9","","low"
"TCK-A5EEE38149","","low"
"TCK-D98F6F887C","","low"
"TCK-7C5BA5AE2E","","low"
"TCK-39115E047B","","low"
"TCK-CAFD53D67E","","low"
"TCK-97C31C752C","","low"
"TCK-C604E01308","","low"
"TCK-273483E35C","","low"
"TCK-659E6073A5","","low"
"TCK-8D03E27164","","low"
"TCK-A073FF31D7","","low"
"TCK-13B7647E14","","low"
"TCK-6C51115BAA","","low"
"TCK-823B62F22E","","low"
"TCK-CF3E17A923","","low"
"TCK-082255B9B2","","low"
"TCK-EC275A37F8","","low"
"TCK-7900EB8192","","low"
"TCK-39842A3C56","","low"
"TCK-607B904A5C","","low"
"TCK-E4ECF110A9","","low"
"TCK-900FEDC977","","low"
"TCK-0FF1314B1D","","low"
"TCK-A37C30A8A2","","low"
"TCK-F33144672B","","low"
"TCK-17F04DDEA6","","low"
"TCK-9E5CF64FAA","","low"
"TCK-AE93D5D6EA","","low"
"TCK-28D15DA1FB","","low"
"TCK-45B9AEE16E","","low"
"TCK-5CB7EC4FDB","","low"
"TCK-6E9A899F3C","","low"
"TCK-94111B943C","","low"
"TCK-7F41892FB6","","low"
"TCK-F011B944A9","","low"
"TCK-011E1E5E79","","low"
"TCK-D489F29DDB","","low"
"TCK-4079889A73","","low"
"TCK-AFE52AE6D3","","low"
"TCK-B0BAC09AB8","","low"
"TCK-276DFAA31D","","low"
"TCK-9B96AC9286","","low"
"TCK-862D39D3D7","","low"
"TCK-2393184CDD","","low"
"TCK-883C371135","","low"
"TCK-5995078F1A","","low"
"TCK-C873A115D2","","low"
"TCK-D5A849CD55","","low"
"TCK-DE6EE8D431","","low"
"TCK-945850A4ED","","low"
"TCK-B3667A1AC7","","low"
"TCK-10DE765E51","","low"
"TCK-C8EF1BE2D5","","low"
"TCK-1D7BB789E3","","low"
"TCK-D0D622FC7C","","low"
"TCK-A1A7A6130D","","low"
"TCK-77F67B0179","","low"
"TCK-F3A6E0D5B6","","low"
"TCK-7BC8D7B64E","","low"
"TCK-FFC9F58886","","low"
"TCK-E0786CAA95","","low"
"TCK-05E0493CC1","","low"
"TCK-B3C919FEAF","","low"
"TCK-641BA89F1C","","low"
"TCK-AB1E4D669D","","low"
"TCK-AA38489FE0","","low"
"TCK-66A5206A36","","low"
"TCK-C69C7E1FFC","","low"
"TCK-05BB30F1B0","","low"
"TCK-C294A11A50","","low"
"TCK-FE6203D9B2","","low"
"TCK-20C1E353AC","","low"
"TCK-EE5AE4996C","","low"
"TCK-4D046D8E2E","","low"
"TCK-02B60107BC","","low"
"TCK-D99C4CC668","","low"
"TCK-FF5A3AE0AB","","low"
"TCK-32C5D0D4E9","","low"
"TCK-3C255B4936","","low"
"TCK-8CAFE3D82E","","low"
"TCK-6BB45BF2C4","","low"
"TCK-758D3FF5DA","","low"
"TCK-F853D08526","","low"
"TCK-844EE73753","","low"
"TCK-2D690AFAD6","","low"
"TCK-8DE37A6D28","","low"
"TCK-F7255C9F56","","low"
"TCK-077DEAD0DD","","low"
"TCK-96BB38A1C0","","low"
"TCK-D73B727657","","low"
"TCK-93675D92A1","","low"
"TCK-99B2A456B4","","low"
"TCK-74951A39F3","","low"
"TCK-751F59A1B5","","low"
"TCK-380444E3E7","","low"
"TCK-4D1735010D","","low"
"TCK-2B533DFB12","","low"
"TCK-FA016111C3","","low"
"TCK-FB54A9A340","","low"
"TCK-665EBA6425","","low"
"TCK-61E4C5F2F1","","low"
"TCK-9D16F4FE95","","low"
"TCK-0BE59B763E","","low"
"TCK-52F79899E1","","low"
"TCK-E666C694AB","","low"
"TCK-0F8D3DAE22","","low"
"TCK-0837DCE0E3","","low"
"TCK-1EFABC7D36","","low"
"TCK-C4A47A7378","","low"
"TCK-5F78A7279A","","low"
"TCK-66F7C8140C","","low"
"TCK-C51CF25D18","","low"
"TCK-2DBBB074CF","","low"
"TCK-6746D2D744","","low"
"TCK-3525B8C996","","low"
"TCK-4CE8986D9E","","low"
"TCK-31FA3C40E3","","low"
"TCK-DF05C7E4C9","","low"
"TCK-6A2A34A3E5","","low"
"TCK-B9A8F9CAF2","","low"
"TCK-B3EEBE658A","","low"
"TCK-1F13E46D83","","low"
"TCK-0E3B8C0964","","low"
"TCK-BA52211107","","low"
"TCK-92059D283E","","low"
"TCK-CD7E8EBB01","","low"
"TCK-26F0A0B03F","","low"
"TCK-00A886D6E8","","low"
"TCK-A97BCD212D","","low"
"TCK-0B0C3771CD","","low"
"TCK-919B53BB0B","","low"
"TCK-3313324F75","","low"
"TCK-1D8C1AEDB6","","low"
"TCK-28298799E0","","low"
"TCK-4BA2144D24","","low"
"TCK-94E7333FD9","","low"
"TCK-6CF4742A29","","low"
"TCK-7A88DA22C0","","low"
"TCK-2C19C893B8","","low"
"TCK-268004703D","","low"
"TCK-E30AED6A1B","","low"
"TCK-96B50F6AB5","","low"
"TCK-991E39A207","","low"
"TCK-4980B3E4C6","","low"
"TCK-58CE4514EC","","low"
"TCK-08200EA23F","","low"
"TCK-BABECF6DA4","","low"
"TCK-A72BE6D548","","low"
"TCK-2D943993C0","","low"
"TCK-21C155378B","","low"
"TCK-5DBDB7DB9E","","low"
"TCK-410D54319E","","low"
"TCK-0EC25544FE","","low"
"TCK-ACA7EDF975","","low"
"TCK-07307C2AFC","","low"
"TCK-4330EF8834","","low"
"TCK-3F23072E14","","low"
"TCK-7546709EB2","","low"
"TCK-142A014BF9","","low"
"TCK-DAA115F5BE","","low"
"TCK-B79BB148C5","","low"
"TCK-988A0E3B67","","low"
"TCK-27C20EC4A7","","low"
"TCK-2BCBECB020","","low"
"TCK-8A50348BA2","","low"
"TCK-7E54FAED35","","low"
"TCK-B91B684781","","low"
"TCK-1C2691BDDA","","low"
"TCK-B21862C12C","","low"
"TCK-31C6827DF5","","low"
"TCK-2D0E19E304","","low"
"TCK-5DFB36241F","","low"
"TCK-065E64F980","","low"
"TCK-79F8BF3226","","low"
"TCK-D19322902A","","low"
"TCK-052A7F2AE4","","low"
"TCK-2EE08B6F11","","low"
"TCK-23D3B57622","","low"
"TCK-2D8E11F46D","","low"
"TCK-CFD47751BC","","low"
"TCK-6B763E0E8F","","low"
"TCK-6B2C7E2C9B","","low"
"TCK-BB52F0B454","","low"
"TCK-7CD3639752","","low"
"TCK-4A4671E3CA","","low"
"TCK-8DBD2506D9","","low"
"TCK-309658BCE6","","low"
"TCK-9AD02B2427","","low"
"TCK-34B32BB3E2","","low"
"TCK-99F76B2A87","","low"
"TCK-880B9ECDF0","","low"
"TCK-CC41B7CEB5","","low"
"TCK-40DE69F7B0","","low"
"TCK-8D9C7EFFAD","","low"
"TCK-B99876FC03","","low"
"TCK-D0C5D6083D","","low"
"TCK-475EAD89EA","","low"
"TCK-36360829D9","","low"
"TCK-06EE2A223D","","low"
"TCK-69E3419595","","low"
"TCK-D06F2D8121","","low"
"TCK-568B5B7C82","","low"
"TCK-51EE0FDE3E","","low"
"TCK-FACBF6B397","","low"
"TCK-799F5ED42F","","low"
"TCK-47FFA616BE","","low"
"TCK-78E7AE5EB6","","low"
"TCK-D91213C900","","low"
"TCK-A8AF9D8558","","low"
"TCK-8D1EC30914","","low"
"TCK-A4D136882D","","low"
"TCK-CAE2FB020B","","low"
"TCK-94AEEF50B0","","low"
"TCK-17A1F293C6","","low"
"TCK-2664690169","","low"
"TCK-940F1D73CF","","low"
"TCK-FA31106DC1","","low"
"TCK-66B5381B38","","low"
"TCK-84312EA204","","low"
"TCK-CE44F17905","","low"
"TCK-D7612799C0","","low"
"TCK-4593389562","","low"
"TCK-73730407FA","","low"
"TCK-F91D77F4CD","","low"
"TCK-92B82D2B62","","low"
"TCK-E6FEBC7445","","low"
"TCK-3D16D9C815","","low"
"TCK-CD22A24BF5","","low"
"TCK-2DAE5C9B3B","","low"
"TCK-C09662CDAA","","low"
"TCK-17BDC37FE4","","low"
"TCK-1ED61834C9","","low"
"TCK-4248889032","","low"
"TCK-E695151776","","low"
"TCK-AFE7A7A08A","","low"
"TCK-146DE4E330","","low"
"TCK-6C3140AFE4","","low"
"TCK-FEDC8FDD42","","low"
"TCK-90B673608E","","low"
"TCK-048A00ACD5","","low"
"TCK-9DE8B7CD68","","low"
"TCK-204F73A1EA","","low"
"TCK-2BEBC1C5AE","","low"
"TCK-DB9BAC4A98","","low"
"TCK-A148698FC4","","low"
"TCK-FE4AD5C615","","low"
"TCK-BAE2CE5B73","","low"
"TCK-2517F7E3BE","","low"
"TCK-063C3B1332","","low"
"TCK-072FFAC736","","low"
"TCK-C536E56DD3","","low"
"TCK-01C04804AE","","low"
"TCK-DA3BF17EB9","","low"
"TCK-FC4B76FEB8","","low"
"TCK-C142E77106","","low"
"TCK-8DA9B524E3","","low"
"TCK-54DB53B55C","","low"
"TCK-5EE3631F16","","low"
"TCK-7E88EEEB2E","","low"
"TCK-EA9B8B7E75","","low"
"TCK-7558595210","","low"
"TCK-7015201506","","low"
"TCK-89115CA593","","low"
"TCK-8AC2713973","","low"
"TCK-166F48C60F","","low"
"TCK-BA06E33B8A","","low"
"TCK-D99C01D575","","low"
"TCK-FD5F12EEDD","","low"
"TCK-349BA29E46","","low"
"TCK-1E4A5F8C0E","","low"
"TCK-7869B77F14","","low"
"TCK-58688DAC1A","","low"
"TCK-814A385FD8","","low"
"TCK-8782FB7325","","low"
"TCK-9AAD498A9D","","low"
"TCK-4F332DE747","","low"
"TCK-53E9D52A76","","low"
"TCK-5C9531832A","","low"
"TCK-C12A92E0C2","","low"
"TCK-4B7F7D243C","","low"
"TCK-A866178C81","","low"
"TCK-AAF722195F","","low"
"TCK-7AF1E006CE","","low"
"TCK-CC1C2FA1BF","","low"
"TCK-D4A3FD7423","","low"
"TCK-128F203736","","low"
"TCK-B37DDAD9D0","","low"
"TCK-C51B2D530A","","low"
"TCK-E836B0C631","","low"
"TCK-AF533D075C","","low"
"TCK-B5C823EEB1","","low"
"TCK-5F787BD501","","low"
"TCK-960CF3F5BD","","low"
"TCK-CCBC593F19","","low"
"TCK-CECB60344D","","low"
"TCK-7CFE92AE31","","low"
"TCK-42ABFE7247","","low"
"TCK-8D67032B01","","low"
"TCK-2860903E5A","","low"
"TCK-14B5288B67","","low"
"TCK-4F21FE2F35","","low"
"TCK-953577640E","","low"
"TCK-7FE7A547DD","","low"
"TCK-0C6A964500","","low"
"TCK-D9CCE910DF","","low"
"TCK-697B41C937","","low"
"TCK-1601B6235F","","low"
"TCK-2886199D14","","low"
"TCK-925EF65F7B","","low"
"TCK-21864F8D64","","low"
"TCK-3C736464C7","","low"
"TCK-A2A4F9CBF4","","low"
"TCK-C6238BCC94","","low"
"TCK-C1DCAB6365","","low"
"TCK-3303AD085E","","low"
"TCK-8F53BC9059","","low"
"TCK-E4B10BD190","","low"
"TCK-43B8B430C2","","low"
"TCK-74C8D3129B","","low"
"TCK-91822FC878","","low"
"TCK-2097B0B2E9","","low"
"TCK-69B2DA6D36","","low"
"TCK-D71428539B","","low"
"TCK-6F9E0F2613","","low"
"TCK-70C94748B2","","low"
"TCK-2E0E0CDC3F","","low"
"TCK-1F572C1926","","low"
"TCK-C5FEAD53A7","","low"
"TCK-1760CD1970","","low"
"TCK-B463E76027","","low"
"TCK-744C12BED4","","low"
"TCK-07D0920E87","","low"
"TCK-56F742837F","","low"
"TCK-59EFE9C35F","","low"
"TCK-EAA79A2833","","low"
"TCK-16092D34A7","","low"
"TCK-8B1B00A2D0","","low"
"TCK-9235211DCB","","low"
"TCK-128681B8E1","","low"
"TCK-D93BEC9C67","","low"
"TCK-43C4BBF26D","","low"
"TCK-EA5E4F6480","","low"
"TCK-657857F636","","low"
"TCK-D9A543CBEA","","low"
"TCK-1DD7A61B27","","low"
"TCK-856BB306C4","","low"
"TCK-715F4B52BE","","low"
"TCK-E09EF063DB","","low"
"TCK-8939E91E72","","low"
"TCK-522B05297F","","low"
"TCK-1692E2A14A","","low"
"TCK-7F7C5F1E98","","low"
"TCK-C979D3A977","","low"
"TCK-158E59BF76","","low"
"TCK-7EA7D2DD5C","","low"
"TCK-4142832A6A","","low"
"TCK-F8EAFE116E","","low"
"TCK-6B4B073390","","low"
"TCK-BC58A5F4FE","","low"
"TCK-3C4F6C41FA","","low"
"TCK-721074317E","","low"
"TCK-69D5F36BF0","","low"
"TCK-8AD6A54971","","low"
"TCK-4950A930AB","","low"
"TCK-BDDF419BFD","","low"
"TCK-A187992A32","","low"
"TCK-1C912C63CD","","low"
"TCK-000EC89418","","low"
"TCK-3EAA3D50AC","","low"
"TCK-0E6A8975FB","","low"
"TCK-7395325510","","low"
"TCK-9021DFA48B","","low"
"TCK-47B12B727A","","low"
"TCK-A0450AC40C","","low"
"TCK-8F83666ADA","","low"
"TCK-C148F3DEDD","","low"
"TCK-7E02127D08","","low"
"TCK-7ACFE8D1CE","","low"
"TCK-181883EB0B","","low"
"TCK-03F71534E3","","low"
"TCK-BABC5ADD33","","low"
"TCK-41D7BC9673","","low"
"TCK-AA0B209EEF","","low"
"TCK-0BF7B02CCC","","low"
"TCK-8053FE5E92","","low"
"TCK-EB16F1CA4F","","low"
"TCK-4D545334F3","","low"
"TCK-2B37E4AA9A","","low"
"TCK-AFCDD3AB96","","low"
"TCK-B5C9AE8D3A","","low"
"TCK-54980D42CE","","low"
"TCK-AC9725E526","","low"
"TCK-F9F5B3AE62","","low"
"TCK-DFFE078CC7","","low"
"TCK-7B5687E853","","low"
"TCK-DA025026D7","","low"
"TCK-15FCEB989B","","low"
"TCK-FA87DE173E","","low"
"TCK-A4F4C8E93A","","low"
"TCK-09B7674F99","","low"
"TCK-9C7F7DAB24","","low"
"TCK-C19780E6EF","","low"
"TCK-122D7524C5","","low"
"TCK-62C3C7216B","","low"
"TCK-1CEBA158C5","","low"
"TCK-BFDC16505B","","low"
"TCK-89A065A9AB","","low"
"TCK-5341657A5D","","low"
"TCK-67B2F7942F","","low"
"TCK-4E35C010E2","","low"
"TCK-0D020850A7","","low"
"TCK-6582F76880","","low"
"TCK-C6019A9116","","low"
"TCK-BDEE64943B","","low"
"TCK-2D2405DA67","","low"
"TCK-12A33CA997","","low"
"TCK-62CFAF1E4C","","low"
"TCK-1835852392","","low"
"TCK-CE65BDBE72","","low"
"TCK-448F1D4211","","low"
"TCK-066F467FFE","","low"
"TCK-B95C1068D5","","low"
"TCK-380D8AC9E2","","low"
"TCK-368FC81079","","low"
"TCK-A48EBBB0BB","","low"
"TCK-5F678146DA","","low"
"TCK-26603A096E","","low"
"TCK-47A8153DBD","","low"
"TCK-D240AF2B13","","low"
"TCK-6361E37E27","","low"
"TCK-F7C483B152","","low"
"TCK-FA2BC98D0B","","low"
"TCK-B8E8C3395F","","low"
"TCK-369CCFF5CD","","low"
"TCK-70CA336642","","low"
"TCK-FCBCB4D6C3","","low"
"TCK-6217539B43","","low"
"TCK-1640525686","","low"
"TCK-98BE888AB0","","low"
"TCK-8D94D1F499","","low"
"TCK-88536BFADE","","low"
"TCK-741ECA3A43","","low"
"TCK-1B32D87860","","low"
"TCK-EE61E80FEF","","low"
"TCK-F1E2350208","","low"
"TCK-237DA469FB","","low"
"TCK-67A7EB6871","","low"
"TCK-F96518DD0A","","low"
"TCK-515F1453D5","","low"
"TCK-030D7DE555","","low"
"TCK-5DDC83E618","","low"
"TCK-C3BA0C4A20","","low"
"TCK-500B548000","","low"
"TCK-F81A8DB12B","","low"
"TCK-B77DF53208","","low"
"TCK-4E4212FF21","","low"
"TCK-FA3B777263","","low"
"TCK-E1FFC3E1D7","","low"
"TCK-EAD31B8B6C","","low"
"TCK-8974D0FC53","","low"
"TCK-98A559F7CC","","low"
"TCK-F623EE7264","","low"
"TCK-68EB616A42","","low"
"TCK-AD4CA8B155","","low"
"TCK-9770501FB1","","low"
"TCK-08DFC7CCEA","","low"
"TCK-CB80D26806","","low"
"TCK-E940CD6A8A","","low"
"TCK-A61EAC3689","","low"
"TCK-2A2B6579D3","","low"
"TCK-54CBE40EFD","","low"
"TCK-51DABA75C8","","low"
"TCK-923DCA0376","","low"
"TCK-8161B63049","","low"
"TCK-4817FBF89B","","low"
"TCK-42CD223D35","","low"
"TCK-7CD5A36DDD","","low"
"TCK-86452AD628","","low"
"TCK-AC7E3ACF62","","low"
"TCK-5EAC565018","","low"
"TCK-847010C5FB","","low"
"TCK-A35B1BF83B","","low"
"TCK-368673440E","","low"
"TCK-85E905E5B6","","low"
"TCK-8D8C4619DC","","low"
"TCK-5A5C526127","","low"
"TCK-09D075CCF2","","low"
"TCK-E0FB5BC5EF","","low"
"TCK-AFF04C731B","","low"
"TCK-3AA7CCAB3D","","low"
"TCK-988789FD9C","","low"
"TCK-858EB2EFB3","","low"
"TCK-26620C81F5","","low"
"TCK-BD85A1ADD9","","low"
"TCK-B1533CCEBE","","low"
"TCK-BBFF5D5A57","","low"
"TCK-FC76345BF0","","low"
"TCK-9207C83DE4","","low"
"TCK-FBA08A7B77","","low"
"TCK-B4B474D2CB","","low"
"TCK-1FC7DD2EA3","","low"
"TCK-B58F0C92CC","","low"
"TCK-B655915DE1","","low"
"TCK-C45F27464F","","low"
"TCK-CCF7D86C2C","","low"
"TCK-8DE7012E5B","","low"
"TCK-721BFDA560","","low"
"TCK-1D6E12F95A","","low"
"TCK-CAB822418A","","low"
"TCK-E33D1DCCFE","","low"
"TCK-B991C35CC2","","low"
"TCK-06714F57EB","","low"
"TCK-BB0CC944F0","","low"
"TCK-73A94516E2","","low"
"TCK-9027A68242","","low"
"TCK-47742A5AB6","","low"
"TCK-7B4BB43044","","low"
"TCK-1A3A97F598","","low"
"TCK-2D59B90FCE","","low"
"TCK-1A08E207C8","","low"
"TCK-D2EE406B43","","low"
"TCK-CE44F4428E","","low"
"TCK-D693A829E6","","low"
"TCK-BD91F64602","","low"
"TCK-B877238812","","low"
"TCK-6ADDB4187E","","low"
"TCK-FA4463045A","","low"
"TCK-2915190ADA","","low"
"TCK-64D5D1E691","","low"
"TCK-86CBD7C63D","","low"
"TCK-FF66299EA3","","low"
"TCK-0898499082","","low"
"TCK-812F0D0999","","low"
"TCK-93836A4B95","","low"
"TCK-5B5EF4CD1A","","low"
"TCK-F15D865AB4","","low"
"TCK-5D0C4E994E","","low"
"TCK-FA4C29E097","","low"
"TCK-19C73B4733","","low"
"TCK-A2A287EF71","","low"
"TCK-F701F43F96","","low"
"TCK-2338A80AA2","","low"
"TCK-2F2ACDF48E","","low"
"TCK-D019358A14","","low"
"TCK-768F2828DF","","low"
"TCK-3A36282F54","","low"
"TCK-0B3563D1A5","","low"
"TCK-034E1BEFCF","","low"
"TCK-A05F509477","","low"
"TCK-F8CFA5C462","","low"
"TCK-3F40CC91E9","","low"
"TCK-6743F91080","","low"
"TCK-BD850478CC","","low"
"TCK-8836F8D701","","low"
"TCK-E1E8517360","","low"
"TCK-B319CF29E8","","low"
"TCK-90419B60B5","","low"
"TCK-CC6B339B4B","","low"
"TCK-0EF4C9015D","","low"
"TCK-E59CF289FF","","low"
"TCK-478345D4E8","","low"
"TCK-A01B23EED7","","low"
"TCK-85795F7A82","","low"
"TCK-7DCEBAFED5","","low"
"TCK-21CBE11895","","low"
"TCK-E6307E83CB","","low"
"TCK-F6D623E99C","","low"
"TCK-596AE67774","","low"
"TCK-77653228D7","","low"
"TCK-BB66993A12","","low"
"TCK-37DAF3CC16","","low"
"TCK-FA2B5C9F67","","low"
"TCK-69F68B0292","","low"
"TCK-7F6EC62301","","low"
"TCK-310550135E","","low"
"TCK-0AD3F60770","","low"
"TCK-34CC3D3161","","low"
"TCK-01B7D64A0B","","low"
"TCK-E23936BA4E","","low"
"TCK-F2D03B6758","","low"
"TCK-F468120BF5","","low"
"TCK-3947895E54","","low"
"TCK-80AC7E5FD6","","low"
"TCK-2913C2DC4C","","low"
"TCK-2D83846C2D","","low"
"TCK-460CAFD9FB","","low"
"TCK-E8819E8A57","","low"
"TCK-04270E7A40","","low"
"TCK-C6953ED116","","low"
"TCK-475A5C2615","","low"
"TCK-5A312F3683","","low"
"TCK-6CC90E197B","","low"
"TCK-AE7AE4D19B","","low"
"TCK-B34BDDB58F","","low"
"TCK-EC524135ED","","low"
"TCK-4305E330B8","","low"
"TCK-63BAA77848","","low"
"TCK-6E06C5E9C8","","low"
"TCK-EE27435BDD","","low"
"TCK-B7DFB244F7","","low"
"TCK-4019E35207","","low"
"TCK-DFF9F98EF6","","low"
"TCK-95AAAFAF76","","low"
"TCK-8BD0C6E743","","low"
"TCK-82D05B27CA","","low"
"TCK-F55CF36E6C","","low"
"TCK-4A0C15FF4C","","low"
"TCK-16015F7FEE","","low"
"TCK-9C8537B174","","low"
"TCK-C3CDB143FB","","low"
"TCK-35B1800C89","","low"
"TCK-7ECDCCD004","","low"
"TCK-1849373078","","low"
"TCK-6D86BCE418","","low"
"TCK-4F28D03CDA","","low"
"TCK-0EA95141DF","","low"
"TCK-FC0D27EEBC","","low"
"TCK-4B7DDC27FB","","low"
"TCK-064299FA46","","low"
"TCK-52C95BD468","","low"
"TCK-8A7F117756","","low"
"TCK-4E55B6687B","","low"
"TCK-1C792A120C","","low"
"TCK-1ABB66D463","","low"
"TCK-BE717E9313","","low"
"TCK-39354738CB","","low"
"TCK-32A0DA5291","","low"
"TCK-6C5226E6F9","","low"
"TCK-D59F90F7F6","","low"
"TCK-FA14F23915","","low"
"TCK-2796DD1F40","","low"
"TCK-D6ED5DD2D7","","low"
"TCK-D401779BF6","","low"
"TCK-20888C0C54","","low"
"TCK-EC88010E38","","low"
"TCK-180831B1B8","","low"
"TCK-2BF63B411E","","low"
"TCK-47A1AD91D4","","low"
"TCK-9077EB15EE","","low"
"TCK-52E685DF48","","low"
"TCK-FF8B617770","","low"
"TCK-5FEE770606","","low"
"TCK-384FE60EE8","","low"
"TCK-A83AF8639C","","low"
"TCK-51EEB25D0B","","low"
"TCK-94A733FD9A","","low"
"TCK-B95F2E2636","","low"
"TCK-B5F45526E8","","low"
"TCK-026EE467E6","","low"
"TCK-E5894FADE6","","low"
"TCK-4E5D7457F3","","low"
"TCK-716647ED4A","","low"
"TCK-82A1D03D00","","low"
"TCK-E1A18B9FE8","","low"
"TCK-C9F7F3E738","","low"
"TCK-977BFF7912","","low"
"TCK-E498A55B23","","low"
"TCK-0CE5F8EBFA","","low"
"TCK-B381F5D61B","","low"
"TCK-3407BBB5F8","","low"
"TCK-B97A7C047D","","low"
"TCK-0A7AA08956","","low"
"TCK-857C0122FD","","low"
"TCK-BBA77CAF0F","","low"
"TCK-D84B7E14E8","","low"
"TCK-EA0FF3203D","","low"
"TCK-7192A496DA","","low"
"TCK-7A9EF72550","","low"
"TCK-568802B850","","low"
"TCK-A73FB7C99D","","low"
"TCK-B4780CA98C","","low"
"TCK-4C3E16ECC7","","low"
"TCK-F7B818ECF2","","low"
"TCK-15282A4DB9","","low"
"TCK-38BDFDC524","","low"
"TCK-F989D6BB04","","low"
"TCK-9B213CD0E4","","low"
"TCK-061C5067AA","","low"
"TCK-D57C0DCDEB","","low"
"TCK-5B0EE5E873","","low"
"TCK-7BAB59D865","","low"
"TCK-9FAFF374D4","","low"
"TCK-E9BCC6D6D4","","low"
"TCK-F3795761CF","","low"
"TCK-28927E977B","","low"
"TCK-1B55A53DB1","","low"
"TCK-BBEB320566","","low"
"TCK-F2695FF2C9","","low"
"TCK-4CFEC0DEE2","","low"
"TCK-CE35851520","","low"
"TCK-8F961EF934","","low"
"TCK-75FEC95E61","","low"
"TCK-8EDCBC9257","","low"
"TCK-2408630C12","","low"
"TCK-3CFB1CEEC1","","low"
"TCK-50DA0437B9","","low"
"TCK-629C3EE100","","low"
"TCK-55F8F9D303","","low"
"TCK-90F9388755","","low"
"TCK-CB548F73FE","","low"
"TCK-96DAD32F1F","","low"
"TCK-F6195DB5E5","","low"
"TCK-D56A61837C","","low"
"TCK-929EC2486E","","low"
"TCK-EBEF443B2B","","low"
"TCK-5607770979","","low"
"TCK-DD5FB68E48","","low"
"TCK-41355CBA36","","low"
"TCK-6ADC35D667","","low"
"TCK-7AD9165156","","low"
"TCK-D05C6687DA","","low"
"TCK-9E1489B39B","","low"
"TCK-93055BC3C5","","low"
"TCK-7FAE25098B","","low"
"TCK-2C64965215","","low"
"TCK-BEBCF18597","","low"
"TCK-8B00D1897C","","low"
"TCK-E02095DD5B","","low"
"TCK-9B123FBBED","","low"
"TCK-88E68156BF","","low"
"TCK-78CA78289E","","low"
"TCK-3FDBDA150C","","low"
"TCK-9DDB2AAE2C","","low"
"TCK-4E65E8076D","","low"
"TCK-5912649C2D","","low"
"TCK-AED63F5EE0","","low"
"TCK-8E9C8797A8","","low"
"TCK-F44F098C1B","","low"
"TCK-C153A8580B","","low"
"TCK-CB236DFC62","","low"
"TCK-3A93CC03BA","","low"
"TCK-5D2637E8E0","","low"
"TCK-A512076735","","low"
"TCK-CA6E51F9B4","","low"
"TCK-E31790428E","","low"
"TCK-E6633AC009","","low"
"TCK-FA14D01531","","low"
"TCK-8D48C9586A","","low"
"TCK-99AEC0E5CD","","low"
"TCK-02B482C444","","low"
"TCK-EB52E82072","","low"
"TCK-CAA57D209A","","low"
"TCK-7F89F5725A","","low"
"TCK-AA005C8088","","low"
"TCK-1DF3D4DFB4","","low"
"TCK-C10314E48D","","low"
"TCK-21E026836C","","low"
"TCK-0512D0D9D4","","low"
